Timestamp,Edge Device 1,Edge Device 2,Edge Device 3,Edge Device 4,Edge Device 5,Edge Device 6,Edge Device 7,Edge Device 8,Edge Device 9,Edge Device 10
1804010000,147,504,27,103,1,57,46,114,67,4
1804010001,159,501,26,100,1,53,45,113,69,5
1804010002,157,493,26,99,1,55,45,114,71,5
1804010003,153,492,29,104,1,60,43,119,75,5
1804010004,160,470,27,96,1,53,40,118,82,5
1804010005,157,488,28,94,1,58,41,115,74,4
1804010006,156,494,29,102,1,61,42,122,75,4
1804010007,160,499,29,104,1,63,42,115,73,4
1804010008,164,483,30,109,1,65,42,108,71,4
1804010009,163,477,27,110,1,66,41,108,73,4
1804010010,156,490,28,102,1,66,42,111,64,4
1804010011,159,489,26,102,1,56,44,111,63,4
1804010012,163,486,26,98,1,56,43,115,48,4
1804010013,163,495,25,100,1,56,48,124,45,4
1804010014,166,504,27,96,1,63,48,121,49,4
1804010015,164,493,27,98,1,63,49,117,51,4
1804010016,161,483,26,95,1,66,47,120,58,5
1804010017,157,458,26,98,1,56,49,124,61,6
1804010018,160,465,26,91,1,56,49,125,57,6
1804010019,147,456,26,92,2,60,48,122,55,6
1804010020,147,448,25,94,2,63,49,122,55,7
1804010021,143,444,23,99,2,52,49,127,52,7
1804010022,138,433,23,94,2,55,48,125,51,6
1804010023,138,430,24,91,2,55,48,131,52,5
1804010024,134,429,24,93,1,53,46,130,58,5
1804010025,135,420,25,90,1,56,42,126,62,6
1804010026,130,420,23,85,1,55,43,123,63,6
1804010027,132,407,22,86,1,54,44,126,57,6
1804010028,142,402,22,95,1,58,48,127,52,6
1804010029,144,405,21,93,1,59,49,117,48,6
1804010030,143,402,21,91,1,57,49,127,43,5
1804010031,147,392,21,90,1,59,51,125,43,5
1804010032,149,400,23,82,1,61,54,122,45,5
1804010033,153,388,22,86,1,59,50,126,47,5
1804010034,160,380,23,84,1,57,52,131,46,5
1804010035,154,389,23,84,1,60,49,133,43,5
1804010036,155,378,23,86,1,58,50,128,39,5
1804010037,153,372,25,83,2,56,51,131,45,5
1804010038,155,363,25,87,2,53,50,127,49,6
1804010039,150,360,27,85,2,56,51,129,51,6
1804010040,151,353,25,77,2,58,49,134,52,5
1804010041,143,354,25,71,2,55,46,135,50,5
1804010042,138,357,25,77,2,62,46,133,51,5
1804010043,146,349,23,77,2,64,46,135,49,5
1804010044,141,351,23,73,3,68,46,137,51,5
1804010045,141,356,21,73,3,66,48,134,50,5
1804010046,152,363,21,77,3,67,46,133,44,4
1804010047,158,354,23,75,3,64,47,134,45,4
1804010048,153,352,22,79,2,64,49,127,44,4
1804010049,153,356,24,74,2,58,51,126,43,4
1804010050,152,369,25,73,2,59,50,124,48,4
1804010051,151,370,25,79,2,58,48,126,46,4
1804010052,145,367,24,85,2,60,47,129,52,4
1804010053,153,349,23,80,2,61,47,132,50,4
1804010054,146,361,21,84,2,60,46,132,39,4
1804010055,147,338,21,78,2,61,46,132,42,5
1804010056,149,338,23,81,2,57,48,139,40,5
1804010057,151,342,23,84,2,58,49,139,41,5
1804010058,151,339,22,84,1,58,52,127,47,5
1804010059,145,338,22,88,1,63,52,133,47,5
1804010100,142,323,22,84,1,64,52,133,45,5
1804010101,140,340,22,83,1,64,53,138,44,5
1804010102,139,338,22,83,1,62,55,140,45,5
1804010103,141,340,22,83,1,63,54,130,41,5
1804010104,140,328,24,82,1,61,52,132,45,5
1804010105,137,323,24,92,1,59,49,131,45,4
1804010106,128,324,23,86,1,56,51,137,51,4
1804010107,133,318,24,86,1,55,52,145,53,4
1804010108,133,312,23,87,1,58,50,145,55,6
1804010109,130,317,23,82,1,54,50,148,53,6
1804010110,136,306,24,84,1,62,50,148,51,5
1804010111,135,318,24,87,1,63,48,143,46,5
1804010112,135,324,24,84,2,61,48,141,48,6
1804010113,133,330,23,77,2,56,50,142,45,6
1804010114,135,343,25,79,2,60,49,141,40,5
1804010115,128,338,24,85,2,56,51,137,45,6
1804010116,128,322,23,82,2,56,51,142,49,6
1804010117,140,333,23,78,2,61,51,139,45,6
1804010118,140,334,23,86,2,58,50,142,44,6
1804010119,140,328,23,87,1,63,50,140,38,6
1804010120,143,323,23,89,1,60,49,143,37,6
1804010121,146,316,23,82,1,58,49,137,39,6
1804010122,145,316,23,82,1,55,50,134,41,6
1804010123,145,316,23,77,1,54,53,133,42,6
1804010124,135,320,22,83,1,55,53,132,45,6
1804010125,135,309,22,80,1,53,54,133,43,6
1804010126,145,311,22,75,1,53,53,133,47,6
1804010127,149,312,22,70,1,54,53,135,49,6
1804010128,147,310,22,72,1,58,54,136,49,6
1804010129,147,305,24,72,1,58,53,140,44,6
1804010130,145,313,23,64,1,56,55,141,47,7
1804010131,131,310,25,61,1,50,54,134,49,6
1804010132,141,299,26,63,1,54,54,133,54,5
1804010133,140,287,26,63,1,52,54,132,48,5
1804010134,144,281,26,61,1,57,52,131,48,5
1804010135,140,301,24,64,1,56,53,127,47,4
1804010136,140,285,23,67,1,58,53,131,43,5
1804010137,145,287,23,66,1,61,54,134,42,5
1804010138,143,285,23,77,1,61,56,133,39,5
1804010139,133,281,22,83,1,61,55,130,39,5
1804010140,140,283,22,73,1,60,54,131,35,5
1804010141,136,271,20,79,1,61,56,130,36,4
1804010142,136,275,20,78,1,63,55,131,34,4
1804010143,134,275,20,82,1,60,55,129,34,4
1804010144,135,274,21,84,1,55,56,132,35,4
1804010145,138,281,21,84,1,57,55,132,38,4
1804010146,141,277,21,82,1,59,53,134,34,4
1804010147,148,278,20,75,1,57,53,137,35,4
1804010148,141,271,20,70,1,60,53,142,35,4
1804010149,137,266,21,63,1,63,54,139,34,4
1804010150,138,277,21,69,1,61,53,138,33,4
1804010151,139,288,21,72,1,65,52,134,31,4
1804010152,126,300,21,71,1,55,51,133,31,4
1804010153,131,300,21,71,1,61,50,138,33,5
1804010154,126,284,20,69,1,61,49,140,26,5
1804010155,124,283,20,68,1,57,49,144,32,5
1804010156,121,264,20,68,1,59,50,138,30,5
1804010157,121,266,19,66,1,59,51,136,29,5
1804010158,124,267,20,59,2,59,53,141,28,5
1804010159,123,271,20,61,2,64,52,143,27,4
1804010200,124,254,20,58,3,64,51,143,27,4
1804010201,121,257,19,57,2,60,52,151,35,4
1804010202,119,253,21,55,2,52,52,143,36,4
1804010203,126,247,21,55,2,49,54,141,36,4
1804010204,128,249,20,58,2,54,52,142,36,4
1804010205,124,249,20,53,2,59,54,147,35,4
1804010206,125,243,22,56,1,61,56,142,31,4
1804010207,132,243,22,58,1,62,54,144,32,4
1804010208,134,245,21,54,1,59,54,144,32,4
1804010209,125,243,20,49,1,60,53,142,31,4
1804010210,124,226,20,54,1,63,54,140,35,5
1804010211,122,234,20,55,1,62,55,144,32,5
1804010212,120,230,18,62,1,61,54,147,33,5
1804010213,122,226,18,63,1,60,55,143,32,5
1804010214,120,224,19,67,1,57,56,147,31,5
1804010215,124,224,19,63,1,55,54,146,30,5
1804010216,127,222,20,60,1,61,54,144,29,4
1804010217,139,212,21,59,1,62,53,147,30,4
1804010218,136,218,22,62,1,62,54,147,26,4
1804010219,136,217,22,61,1,56,54,149,22,4
1804010220,137,227,23,63,1,56,53,150,26,5
1804010221,131,218,23,61,2,54,56,150,28,5
1804010222,126,218,23,52,2,56,56,156,29,4
1804010223,123,219,21,47,2,56,55,154,29,4
1804010224,129,215,22,51,2,53,55,155,26,4
1804010225,132,214,22,50,2,54,54,153,28,4
1804010226,129,211,22,58,1,56,55,149,26,4
1804010227,133,217,22,52,1,59,55,153,28,4
1804010228,124,213,23,55,1,54,56,151,28,4
1804010229,124,214,22,55,1,58,57,153,30,4
1804010230,122,210,23,51,1,55,55,159,27,4
1804010231,119,202,24,49,1,58,57,157,28,4
1804010232,121,194,24,54,1,61,59,158,28,4
1804010233,124,192,24,50,1,61,58,162,31,4
1804010234,125,196,25,49,1,63,59,162,26,4
1804010235,123,209,25,51,1,55,58,159,28,4
1804010236,125,204,27,51,1,55,60,163,30,4
1804010237,123,192,27,55,1,59,58,158,28,4
1804010238,121,196,26,54,1,53,57,155,28,4
1804010239,120,199,25,53,1,52,57,154,28,4
1804010240,120,181,25,51,1,57,58,153,29,4
1804010241,117,180,24,53,1,58,59,154,22,4
1804010242,109,185,23,47,1,55,58,153,24,4
1804010243,108,185,23,46,1,60,59,162,27,4
1804010244,106,185,23,43,1,58,59,163,25,4
1804010245,109,191,23,46,1,58,59,155,24,4
1804010246,107,197,24,44,1,53,61,156,23,4
1804010247,110,188,23,45,1,58,60,159,20,4
1804010248,110,191,24,45,1,56,60,159,20,4
1804010249,112,192,24,46,1,54,60,159,15,5
1804010250,115,190,23,42,1,54,60,161,16,5
1804010251,115,189,23,42,1,56,60,163,17,5
1804010252,119,183,23,44,1,55,61,162,20,5
1804010253,121,183,24,42,1,51,61,165,18,5
1804010254,122,179,24,43,1,54,61,161,19,5
1804010255,127,181,22,43,1,55,61,163,20,5
1804010256,121,171,22,43,2,56,61,158,20,5
1804010257,123,171,22,48,2,56,61,159,15,5
1804010258,123,174,23,48,2,52,60,164,18,5
1804010259,120,171,21,49,2,52,61,165,16,5
1804010300,117,171,21,52,1,59,62,164,14,5
1804010301,120,169,21,51,1,56,62,163,14,5
1804010302,116,164,21,48,1,58,60,166,13,5
1804010303,114,169,21,47,1,56,61,171,12,5
1804010304,116,168,22,46,1,55,62,172,12,5
1804010305,117,172,23,46,1,58,61,175,21,5
1804010306,117,170,24,44,1,55,61,167,17,5
1804010307,113,172,25,45,1,50,63,168,17,5
1804010308,116,163,25,45,1,48,61,168,15,5
1804010309,117,160,26,44,1,53,62,170,16,6
1804010310,120,171,27,45,1,53,62,169,15,6
1804010311,120,178,29,45,1,57,62,165,17,5
1804010312,122,178,28,46,1,59,62,167,16,6
1804010313,124,180,27,44,1,53,60,165,14,6
1804010314,122,179,27,42,1,54,59,165,15,5
1804010315,122,171,26,41,1,50,61,165,15,5
1804010316,120,173,25,46,1,48,62,164,14,5
1804010317,121,171,24,46,1,49,61,161,12,5
1804010318,121,174,24,43,1,49,62,162,13,5
1804010319,123,171,24,43,1,52,59,159,11,5
1804010320,121,169,24,47,1,52,61,158,15,5
1804010321,125,171,24,43,1,52,62,157,16,5
1804010322,125,160,25,46,1,53,61,158,16,5
1804010323,124,160,25,47,1,49,64,156,14,5
1804010324,120,153,25,46,1,50,64,160,13,5
1804010325,118,150,26,45,1,50,64,160,10,5
1804010326,115,151,25,44,1,53,65,160,13,5
1804010327,114,150,25,47,1,54,67,160,12,5
1804010328,112,156,24,46,1,51,68,161,13,5
1804010329,112,162,25,44,1,51,71,165,13,5
1804010330,111,159,25,44,1,55,69,166,12,5
1804010331,117,149,24,41,1,53,69,162,14,5
1804010332,113,153,24,43,1,52,68,162,14,5
1804010333,115,151,24,44,1,49,70,162,12,5
1804010334,115,137,24,45,1,53,71,164,9,5
1804010335,118,132,24,45,1,53,71,164,11,5
1804010336,121,141,24,45,1,54,71,164,11,5
1804010337,118,139,23,47,1,56,71,162,13,5
1804010338,113,149,24,48,1,57,70,163,11,5
1804010339,112,150,24,44,1,60,68,164,11,5
1804010340,111,139,24,48,1,60,67,165,13,5
1804010341,109,143,24,47,1,60,67,165,15,5
1804010342,110,136,24,47,1,58,67,165,16,5
1804010343,109,136,24,44,1,60,67,165,13,5
1804010344,108,137,23,43,1,56,67,161,15,5
1804010345,106,127,22,45,1,55,68,160,16,5
1804010346,105,124,22,45,1,52,69,162,16,5
1804010347,108,123,22,45,1,52,69,162,17,5
1804010348,109,132,22,44,1,51,68,164,15,5
1804010349,110,130,23,47,1,54,67,165,16,5
1804010350,112,141,23,48,1,53,68,165,14,5
1804010351,110,141,23,48,1,50,67,165,14,5
1804010352,109,145,23,48,1,48,67,165,13,5
1804010353,113,141,23,48,1,47,66,166,12,5
1804010354,111,140,22,50,1,50,66,169,12,5
1804010355,113,134,22,49,1,51,65,167,8,5
1804010356,112,138,24,51,1,50,67,162,8,5
1804010357,112,128,24,48,1,48,64,163,8,5
1804010358,111,139,24,48,1,47,66,162,10,5
1804010359,110,139,25,49,1,45,65,162,13,5
1804010400,114,134,25,50,1,46,67,162,11,5
1804010401,111,118,24,50,1,47,68,161,10,5
1804010402,109,122,23,48,1,47,68,161,12,5
1804010403,113,135,23,48,1,46,67,160,12,5
1804010404,112,133,24,47,1,47,67,161,13,5
1804010405,114,130,23,45,1,48,67,163,16,5
1804010406,114,131,23,47,1,48,68,164,15,5
1804010407,114,135,24,46,1,47,67,164,14,5
1804010408,113,129,25,47,1,47,67,165,14,5
1804010409,114,129,25,46,1,48,67,165,14,5
1804010410,113,126,26,46,1,47,68,167,14,5
1804010411,111,124,26,47,1,49,67,163,15,5
1804010412,108,134,26,47,1,51,69,168,20,5
1804010413,107,134,25,45,1,51,69,168,21,5
1804010414,108,130,25,43,1,48,69,166,21,5
1804010415,108,123,25,45,1,48,68,164,19,5
1804010416,108,128,25,45,1,48,67,163,17,5
1804010417,109,126,24,45,1,49,66,164,16,5
1804010418,110,130,25,48,1,50,66,165,14,5
1804010419,110,128,26,51,1,53,66,168,13,5
1804010420,111,127,26,51,1,51,69,170,15,5
1804010421,112,130,25,48,1,49,70,166,16,5
1804010422,110,131,26,52,1,52,68,165,16,5
1804010423,116,133,26,52,1,52,69,165,14,5
1804010424,116,133,29,50,1,50,69,164,15,5
1804010425,113,128,26,49,1,49,68,168,12,5
1804010426,116,132,27,53,1,50,70,170,9,5
1804010427,113,134,27,52,1,48,69,172,8,5
1804010428,112,131,29,54,1,50,67,174,8,5
1804010429,112,123,28,53,1,52,67,170,10,5
1804010430,110,121,28,52,1,47,67,170,10,5
1804010431,110,108,27,54,1,50,67,169,12,5
1804010432,107,103,27,53,1,52,67,170,14,5
1804010433,109,102,27,53,1,51,67,168,19,5
1804010434,112,108,28,53,1,49,67,166,20,5
1804010435,110,110,27,53,1,48,66,172,18,5
1804010436,113,114,29,55,1,53,66,171,17,5
1804010437,114,121,29,52,1,52,66,172,17,5
1804010438,113,118,30,54,1,51,65,170,20,5
1804010439,116,127,27,54,1,48,66,171,21,5
1804010440,113,131,25,53,1,51,67,168,20,5
1804010441,118,129,24,49,1,53,66,167,22,5
1804010442,123,134,25,51,1,53,66,168,19,5
1804010443,126,137,26,49,1,48,68,167,21,5
1804010444,122,136,26,53,1,52,67,165,20,5
1804010445,122,133,26,53,1,52,68,167,19,5
1804010446,120,133,29,54,1,51,67,160,19,5
1804010447,113,128,28,53,1,51,67,160,22,5
1804010448,110,129,28,52,1,53,67,161,22,5
1804010449,111,129,27,50,1,50,68,160,21,5
1804010450,108,132,26,49,1,51,69,161,24,5
1804010451,108,129,25,52,1,51,69,161,22,5
1804010452,111,128,23,56,1,50,69,160,23,5
1804010453,113,132,23,58,1,53,69,161,21,5
1804010454,115,143,23,57,1,54,70,161,19,5
1804010455,113,146,24,55,1,52,70,156,18,5
1804010456,113,143,24,56,1,52,71,161,21,5
1804010457,115,144,24,53,1,47,70,166,20,5
1804010458,115,136,23,52,1,51,69,166,21,5
1804010459,111,131,24,53,1,51,69,166,23,5
1804010500,109,138,24,54,2,54,69,164,27,6
1804010501,111,142,24,53,2,55,68,163,28,6
1804010502,109,143,23,58,2,51,68,162,26,6
1804010503,111,136,23,58,2,48,66,162,25,6
1804010504,109,134,21,61,2,49,66,167,22,6
1804010505,110,131,21,57,1,53,66,165,22,7
1804010506,109,134,21,59,1,54,67,167,24,7
1804010507,108,132,21,57,1,52,67,165,26,6
1804010508,105,138,21,63,1,51,68,164,27,6
1804010509,105,136,21,62,1,51,68,157,29,6
1804010510,102,138,21,62,1,54,68,158,27,6
1804010511,105,138,21,59,1,53,69,159,28,5
1804010512,102,137,22,55,1,56,68,158,28,5
1804010513,105,125,22,54,1,50,69,156,29,5
1804010514,106,121,21,55,1,55,69,163,29,5
1804010515,110,122,22,54,1,57,70,158,30,5
1804010516,108,131,23,54,1,58,70,158,28,5
1804010517,107,128,23,55,1,53,71,161,31,5
1804010518,100,133,23,53,1,56,72,152,32,5
1804010519,105,143,23,52,1,52,70,152,36,5
1804010520,107,144,22,54,1,53,69,155,36,5
1804010521,103,142,22,50,1,49,69,151,31,5
1804010522,101,137,23,52,1,52,68,151,32,5
1804010523,100,145,23,54,1,51,70,147,34,6
1804010524,101,147,24,56,1,51,71,148,32,6
1804010525,101,156,25,59,1,55,71,148,27,6
1804010526,100,151,24,59,1,54,70,146,30,6
1804010527,101,157,25,59,1,53,71,144,28,6
1804010528,101,154,26,60,1,49,72,144,24,6
1804010529,105,154,26,54,1,50,70,142,23,6
1804010530,106,162,27,57,1,46,72,140,24,5
1804010531,106,160,27,58,1,47,72,142,26,6
1804010532,106,163,28,57,1,45,71,146,29,6
1804010533,107,159,27,54,1,49,70,143,26,6
1804010534,108,158,27,57,1,49,66,148,30,6
1804010535,101,161,27,60,1,51,68,155,27,6
1804010536,104,157,26,60,1,43,69,158,25,6
1804010537,103,155,24,60,1,51,68,157,24,5
1804010538,107,152,24,60,1,51,69,160,30,5
1804010539,106,145,24,63,1,49,69,159,29,5
1804010540,104,158,23,61,1,48,70,159,29,5
1804010541,103,157,23,60,1,53,70,150,30,5
1804010542,112,171,23,57,1,56,70,163,32,5
1804010543,108,173,22,63,1,56,72,165,31,4
1804010544,104,173,24,64,1,55,72,162,29,5
1804010545,104,172,24,61,1,57,73,159,30,5
1804010546,103,164,26,62,1,56,73,160,31,5
1804010547,98,165,26,60,1,59,70,159,27,5
1804010548,100,164,26,61,1,59,72,158,26,5
1804010549,91,175,25,58,1,57,71,161,28,6
1804010550,95,177,26,53,1,61,70,159,26,6
1804010551,91,180,26,56,1,55,68,154,25,6
1804010552,93,179,27,58,1,51,66,151,23,6
1804010553,97,175,25,58,1,52,68,151,24,6
1804010554,96,167,26,57,1,50,71,157,25,6
1804010555,100,167,27,59,1,53,71,151,25,6
1804010556,100,179,27,58,1,50,72,149,26,6
1804010557,98,190,27,57,1,50,71,153,25,6
1804010558,96,191,26,56,1,50,71,149,29,7
1804010559,96,190,25,63,1,51,68,150,30,7
1804010600,97,186,24,64,1,52,71,145,28,7
1804010601,90,184,24,63,1,52,68,142,29,7
1804010602,90,188,23,62,1,49,68,139,30,7
1804010603,91,196,23,62,1,47,69,134,33,8
1804010604,91,190,21,63,1,51,69,140,30,7
1804010605,93,192,19,62,1,49,67,140,29,7
1804010606,93,200,19,58,1,54,68,140,30,7
1804010607,91,201,19,61,1,49,68,138,25,6
1804010608,90,207,19,63,1,54,68,135,30,7
1804010609,91,200,19,67,1,55,67,137,37,7
1804010610,89,206,20,64,1,57,68,139,33,7
1804010611,87,200,21,58,1,51,65,143,34,6
1804010612,91,203,22,62,2,51,69,145,31,6
1804010613,96,192,21,60,2,53,68,152,35,6
1804010614,99,199,21,58,2,53,67,146,37,6
1804010615,93,200,21,64,2,50,68,140,39,5
1804010616,94,205,23,65,2,55,66,136,36,5
1804010617,94,215,23,65,2,48,63,137,35,5
1804010618,95,204,22,73,1,51,64,138,40,5
1804010619,94,214,23,73,1,47,64,139,41,6
1804010620,95,204,22,73,1,55,64,137,42,6
1804010621,94,204,22,68,1,57,65,137,38,6
1804010622,101,202,22,63,1,59,66,135,41,6
1804010623,104,214,24,63,1,57,68,133,37,6
1804010624,102,211,24,65,2,59,66,134,36,6
1804010625,106,223,25,66,2,49,64,129,33,6
1804010626,102,229,23,66,2,48,67,132,37,6
1804010627,102,223,25,73,2,47,67,133,37,6
1804010628,104,221,25,71,2,47,69,138,43,6
1804010629,104,226,25,73,2,47,69,134,42,6
1804010630,101,240,25,72,2,49,69,132,40,6
1804010631,102,242,24,71,1,55,70,134,42,6
1804010632,99,239,24,71,1,62,72,137,44,6
1804010633,101,250,26,71,2,55,68,135,48,6
1804010634,95,242,28,67,2,53,66,137,48,4
1804010635,100,242,29,65,2,54,66,133,49,4
1804010636,104,234,31,67,1,51,66,129,53,5
1804010637,97,231,33,70,1,50,63,129,50,5
1804010638,103,232,31,73,1,50,62,128,46,5
1804010639,102,237,31,68,1,48,61,131,42,4
1804010640,101,240,30,73,1,48,61,136,36,4
1804010641,101,244,31,65,1,50,62,138,34,3
1804010642,101,242,32,67,1,56,62,133,37,3
1804010643,101,236,31,69,2,57,61,141,37,4
1804010644,100,236,30,71,2,61,59,132,35,4
1804010645,94,242,30,67,2,58,62,132,34,4
1804010646,98,256,29,62,2,53,62,130,39,4
1804010647,99,264,31,63,1,52,61,129,38,4
1804010648,98,268,30,61,1,55,62,127,39,4
1804010649,95,270,30,57,1,55,61,129,46,4
1804010650,95,265,30,54,1,52,61,124,48,5
1804010651,92,262,32,62,2,57,60,125,45,5
1804010652,89,274,32,60,2,57,59,127,39,5
1804010653,98,274,33,63,2,55,58,132,36,7
1804010654,97,260,31,66,2,54,61,128,38,5
1804010655,105,262,29,70,2,53,62,132,38,5
1804010656,105,255,30,68,2,54,62,133,40,4
1804010657,106,274,30,73,1,52,58,128,43,4
1804010658,102,271,29,72,1,58,59,126,44,4
1804010659,108,272,27,71,1,55,58,131,44,4
1804010700,101,269,26,74,1,55,58,122,44,4
1804010701,97,266,26,76,2,55,58,120,47,4
1804010702,93,266,27,79,2,50,57,121,37,5
1804010703,99,270,27,80,2,56,54,131,41,5
1804010704,102,274,27,74,3,61,57,134,48,5
1804010705,107,282,27,74,3,66,59,134,46,5
1804010706,115,283,28,75,2,63,59,132,45,4
1804010707,119,290,29,73,1,60,59,126,49,4
1804010708,122,285,30,76,1,59,58,121,48,4
1804010709,122,281,30,75,1,65,58,116,54,4
1804010710,113,292,30,74,1,63,59,117,56,4
1804010711,109,294,33,69,1,56,58,119,54,3
1804010712,111,299,31,74,1,58,56,117,55,3
1804010713,114,310,30,71,1,53,58,112,51,3
1804010714,118,319,29,74,1,57,58,117,56,3
1804010715,111,309,29,73,1,51,54,117,60,3
1804010716,108,313,29,79,1,53,56,116,66,3
1804010717,105,311,29,82,1,50,57,114,63,3
1804010718,105,309,28,87,1,47,56,110,57,3
1804010719,107,315,27,84,1,53,57,105,58,4
1804010720,105,310,28,78,1,54,56,102,58,4
1804010721,112,319,29,86,1,51,58,104,56,4
1804010722,110,304,26,84,1,54,58,109,61,5
1804010723,112,313,28,87,1,52,58,114,57,3
1804010724,112,328,28,88,1,55,57,108,55,5
1804010725,114,333,28,87,1,54,58,104,60,5
1804010726,107,316,31,90,1,56,59,105,61,3
1804010727,114,310,31,91,1,57,57,107,60,3
1804010728,105,318,33,89,1,58,55,110,58,3
1804010729,110,319,32,89,1,64,55,107,49,3
1804010730,116,335,31,93,1,59,54,106,48,3
1804010731,111,330,31,96,1,53,52,114,50,3
1804010732,115,332,31,87,1,52,55,116,55,3
1804010733,117,300,31,97,1,57,53,116,58,3
1804010734,116,300,30,102,1,55,53,107,58,3
1804010735,114,303,29,99,2,59,55,111,54,4
1804010736,115,307,26,102,2,54,53,111,54,4
1804010737,116,312,26,90,2,58,54,110,53,3
1804010738,108,306,27,91,2,60,55,110,60,4
1804010739,114,309,28,92,2,57,54,104,63,4
1804010740,112,324,30,95,2,57,54,107,59,3
1804010741,107,331,29,97,2,52,55,109,60,3
1804010742,111,337,29,97,3,54,54,111,56,3
1804010743,106,334,29,106,3,56,52,110,50,3
1804010744,109,343,29,108,3,59,53,110,55,3
1804010745,102,324,28,113,3,54,55,103,61,3
1804010746,97,351,28,102,3,56,53,101,53,3
1804010747,97,341,27,100,2,60,57,103,54,3
1804010748,102,334,28,98,2,59,53,110,56,3
1804010749,99,339,29,97,1,60,53,102,57,2
1804010750,107,345,31,98,1,60,53,102,59,2
1804010751,110,345,30,105,1,55,55,109,61,3
1804010752,113,348,29,105,1,58,53,112,62,3
1804010753,112,354,29,101,1,58,52,111,61,3
1804010754,116,347,28,110,1,58,51,104,56,3
1804010755,119,337,28,104,1,59,54,110,54,3
1804010756,119,341,29,95,1,57,54,106,66,3
1804010757,112,343,28,94,1,58,55,104,64,3
1804010758,108,341,29,101,1,57,53,106,70,4
1804010759,111,353,26,100,1,63,52,106,71,4
1804010800,118,345,27,104,1,62,51,104,70,4
1804010801,123,350,28,99,1,59,53,110,71,4
1804010802,121,361,31,94,1,61,53,108,72,4
1804010803,118,375,33,97,1,61,52,103,64,4
1804010804,113,382,31,102,1,68,53,112,68,4
1804010805,122,382,32,107,1,73,51,101,69,4
1804010806,125,370,30,107,1,75,53,103,70,4
1804010807,130,370,30,110,1,70,51,107,73,4
1804010808,123,367,30,106,1,67,49,107,80,3
1804010809,125,379,29,106,1,68,50,93,77,3
1804010810,119,388,29,108,1,74,52,92,81,3
1804010811,119,385,29,113,1,74,51,84,78,3
1804010812,124,383,32,119,1,75,52,83,77,3
1804010813,121,379,32,119,1,73,53,85,79,3
1804010814,122,365,33,119,0,74,54,90,80,3
1804010815,121,365,33,112,0,71,58,91,81,3
1804010816,121,371,35,109,0,72,57,92,82,3
1804010817,124,376,33,107,0,74,61,90,81,3
1804010818,133,369,35,105,0,73,60,98,86,3
1804010819,139,368,33,105,0,69,60,98,88,4
1804010820,127,367,32,108,0,74,60,92,88,4
1804010821,132,367,35,109,0,73,58,91,83,4
1804010822,131,373,35,97,0,72,58,90,80,4
1804010823,134,370,35,104,0,73,55,86,78,4
1804010824,131,387,36,103,2,75,57,86,83,4
1804010825,141,381,35,107,1,77,57,87,85,4
1804010826,142,370,34,109,1,77,55,86,85,5
1804010827,133,377,32,116,1,75,53,89,83,5
1804010828,136,376,34,115,1,73,52,85,84,4
1804010829,133,375,34,117,1,70,52,86,87,4
1804010830,132,371,32,128,1,77,51,85,92,4
1804010831,128,378,30,121,0,76,51,86,89,4
1804010832,130,387,32,119,0,82,52,89,86,6
1804010833,137,385,32,122,0,78,51,90,86,2
1804010834,135,377,33,119,0,82,54,85,91,3
1804010835,134,382,32,118,1,77,53,87,92,2
1804010836,132,399,35,121,1,83,52,92,99,1
1804010837,126,390,31,123,1,86,49,86,95,1
1804010838,135,400,30,126,1,76,48,84,93,1
1804010839,130,388,30,129,1,79,47,73,91,1
1804010840,122,380,30,122,1,81,45,80,92,1
1804010841,127,388,29,119,0,79,46,87,94,1
1804010842,127,385,28,115,0,83,47,79,97,1
1804010843,123,390,28,124,0,87,48,81,99,1
1804010844,125,390,27,128,0,85,48,82,98,1
1804010845,120,413,29,137,0,80,48,80,104,1
1804010846,117,415,28,141,0,81,49,75,101,1
1804010847,119,414,29,140,0,77,49,79,106,3
1804010848,115,413,31,140,0,77,50,78,103,3
1804010849,123,405,32,140,0,72,48,78,97,3
1804010850,119,400,32,152,0,76,46,76,100,3
1804010851,120,381,33,143,0,84,48,81,91,3
1804010852,125,400,33,141,0,80,47,82,97,3
1804010853,137,407,33,139,0,74,45,85,104,3
1804010854,132,397,32,142,0,73,45,86,101,2
1804010855,123,397,32,142,1,74,43,87,105,3
1804010856,130,404,33,138,1,83,44,96,102,4
1804010857,132,416,34,143,2,83,45,96,101,3
1804010858,131,414,34,140,2,81,41,95,99,4
1804010859,129,409,35,144,2,74,42,90,101,4
1804010900,131,427,33,150,2,71,41,90,98,4
1804010901,132,432,34,157,2,69,45,97,95,3
1804010902,120,433,31,162,2,75,45,103,101,3
1804010903,120,438,30,155,2,73,49,103,106,3
1804010904,124,443,30,150,0,72,50,96,108,3
1804010905,119,443,28,146,0,79,51,101,106,4
1804010906,133,437,26,142,0,77,53,105,99,4
1804010907,124,435,27,146,0,81,54,104,107,4
1804010908,128,447,24,147,2,80,56,103,108,4
1804010909,127,449,24,153,2,80,52,101,105,3
1804010910,122,444,25,159,2,71,52,106,99,3
1804010911,118,442,29,165,2,66,51,110,93,3
1804010912,120,455,28,162,2,62,51,109,96,3
1804010913,120,452,28,161,2,66,49,109,93,3
1804010914,117,436,27,154,3,68,51,105,94,3
1804010915,121,442,26,148,2,66,50,100,100,3
1804010916,116,434,25,147,2,64,48,98,107,3
1804010917,123,438,26,153,2,72,49,105,103,3
1804010918,129,443,26,143,1,73,48,106,104,3
1804010919,137,455,27,145,0,74,49,109,101,2
1804010920,131,454,27,138,0,72,49,109,104,2
1804010921,127,447,28,123,0,71,49,106,105,2
1804010922,119,460,28,120,0,70,50,108,106,2
1804010923,117,446,28,125,1,68,51,105,107,2
1804010924,117,422,28,135,2,67,51,108,112,2
1804010925,117,436,27,137,2,62,51,105,112,2
1804010926,115,434,28,139,1,62,52,107,108,2
1804010927,120,436,27,137,1,58,51,113,112,3
1804010928,122,449,28,133,1,66,50,105,110,2
1804010929,111,454,28,131,1,76,49,109,98,2
1804010930,114,448,29,124,2,73,49,106,100,2
1804010931,118,439,32,129,2,68,50,101,100,2
1804010932,121,447,32,126,2,61,51,96,99,2
1804010933,129,462,31,130,2,63,53,96,96,2
1804010934,125,468,29,124,2,68,52,91,104,1
1804010935,126,472,31,127,2,61,53,99,99,1
1804010936,130,467,28,130,2,63,53,95,91,1
1804010937,134,476,26,133,1,51,51,98,92,1
1804010938,129,463,26,132,1,53,49,97,103,1
1804010939,135,473,26,137,1,58,49,99,107,1
1804010940,137,471,24,140,1,64,49,96,100,1
1804010941,130,472,23,136,2,64,49,104,111,1
1804010942,126,467,22,135,2,63,49,108,104,1
1804010943,132,467,25,140,3,66,47,109,102,2
1804010944,128,472,23,140,3,67,46,100,101,2
1804010945,125,464,22,139,3,68,47,97,106,2
1804010946,125,468,22,138,4,58,49,92,102,2
1804010947,130,479,21,138,3,60,52,92,103,2
1804010948,134,495,22,130,1,57,52,88,111,2
1804010949,131,508,24,129,1,55,48,86,111,2
1804010950,125,500,28,129,1,58,47,90,115,2
1804010951,118,509,29,131,1,59,44,90,114,2
1804010952,113,511,30,141,1,60,46,93,120,2
1804010953,109,493,30,141,1,59,47,94,117,2
1804010954,112,489,31,139,2,58,45,97,120,2
1804010955,105,495,30,143,2,57,48,104,111,3
1804010956,101,501,31,146,3,53,47,105,103,2
1804010957,103,502,30,137,3,54,46,102,103,1
1804010958,109,494,26,142,3,54,46,95,97,1
1804010959,118,498,28,140,3,56,44,97,103,1
1804011000,118,504,26,151,2,64,43,102,99,1
1804011001,120,496,30,147,2,63,43,102,110,1
1804011002,123,490,30,148,3,63,42,99,110,1
1804011003,110,500,30,147,2,65,44,103,101,3
1804011004,108,485,28,162,1,57,45,109,109,2
1804011005,116,490,27,154,1,55,43,116,108,2
1804011006,115,499,26,143,1,55,43,109,112,2
1804011007,120,504,25,146,1,57,39,109,110,2
1804011008,113,510,26,148,1,56,39,110,112,2
1804011009,119,511,27,152,1,57,41,116,111,2
1804011010,125,514,27,143,1,58,41,111,114,2
1804011011,121,492,23,141,2,57,40,117,118,2
1804011012,110,499,24,142,2,64,37,123,113,2
1804011013,112,498,24,144,2,59,38,122,105,2
1804011014,114,504,22,141,2,62,39,121,103,1
1804011015,111,501,24,150,1,57,43,120,107,1
1804011016,114,505,24,148,1,61,42,123,117,1
1804011017,115,514,25,154,1,60,39,122,123,1
1804011018,119,503,22,153,1,67,35,125,124,1
1804011019,104,519,25,158,1,59,36,129,128,1
1804011020,105,532,24,157,2,62,35,122,131,1
1804011021,105,521,24,159,2,59,37,126,121,1
1804011022,99,525,25,165,1,60,37,123,117,1
1804011023,102,521,26,157,2,57,38,119,117,1
1804011024,101,515,27,153,3,57,39,118,116,1
1804011025,103,517,29,152,3,61,39,120,116,1
1804011026,106,512,27,154,3,56,38,121,118,1
1804011027,114,515,26,161,2,54,37,125,116,2
1804011028,111,507,24,162,2,55,36,125,116,2
1804011029,98,516,23,171,0,61,36,119,120,2
1804011030,95,516,21,169,1,64,34,123,121,3
1804011031,90,519,25,159,1,64,33,126,124,4
1804011032,95,522,25,164,1,59,34,125,123,2
1804011033,92,521,23,170,1,59,36,127,118,2
1804011034,91,511,24,164,1,65,37,133,122,2
1804011035,82,514,24,158,1,66,39,135,122,2
1804011036,82,509,22,149,1,70,40,129,126,2
1804011037,87,495,22,156,0,62,42,130,134,2
1804011038,88,510,24,154,1,71,38,125,141,2
1804011039,86,514,24,150,1,73,41,117,144,2
1804011040,88,505,26,142,1,70,44,115,139,3
1804011041,98,525,25,143,1,67,42,120,139,3
1804011042,94,521,23,144,1,66,42,119,132,3
1804011043,95,513,23,141,0,68,42,116,134,4
1804011044,93,505,22,147,0,63,41,116,135,3
1804011045,91,527,23,140,0,60,41,115,134,3
1804011046,95,527,23,143,1,60,40,118,129,2
1804011047,96,532,24,153,1,60,40,115,127,2
1804011048,98,516,26,147,1,62,39,110,124,2
1804011049,103,512,29,147,3,61,41,109,125,2
1804011050,109,511,27,144,3,56,41,112,124,2
1804011051,101,514,26,145,3,62,41,112,131,2
1804011052,107,529,24,143,2,56,41,110,116,2
1804011053,94,539,23,144,2,56,44,104,121,1
1804011054,95,535,23,143,1,59,45,100,119,1
1804011055,96,543,24,137,1,65,45,105,117,1
1804011056,97,528,25,142,1,59,48,100,119,1
1804011057,94,528,25,140,1,57,47,116,125,3
1804011058,93,540,25,139,1,57,46,113,121,3
1804011059,97,525,25,143,1,63,44,113,124,3
1804011100,104,527,27,149,1,60,43,115,129,3
1804011101,104,537,28,143,1,64,45,112,126,3
1804011102,111,547,27,158,1,58,47,112,130,2
1804011103,115,546,26,170,1,60,44,110,130,2
1804011104,113,537,25,166,1,66,47,104,125,2
1804011105,111,552,25,160,1,68,47,106,112,1
1804011106,103,535,23,166,1,71,47,109,120,0
1804011107,104,517,22,168,1,72,47,108,127,0
1804011108,101,517,21,165,1,78,46,112,129,1
1804011109,105,531,20,166,1,71,43,111,131,1
1804011110,110,526,19,161,1,71,41,104,125,1
1804011111,119,540,19,156,1,77,43,102,118,1
1804011112,117,559,20,158,1,85,44,102,120,1
1804011113,120,546,19,161,1,82,48,99,120,1
1804011114,120,559,19,152,1,78,48,97,120,1
1804011115,121,554,20,150,1,79,51,102,117,1
1804011116,118,559,21,150,1,84,51,107,119,0
1804011117,116,555,22,146,2,79,49,101,115,0
1804011118,114,562,21,149,2,78,48,95,116,0
1804011119,114,556,21,151,2,73,46,101,116,0
1804011120,108,570,21,149,2,76,49,99,114,0
1804011121,110,565,24,151,2,77,51,96,107,0
1804011122,115,566,24,152,2,82,51,95,105,0
1804011123,117,556,25,138,1,84,50,95,110,0
1804011124,119,543,26,150,1,82,50,94,101,1
1804011125,116,548,26,157,1,86,52,94,104,1
1804011126,124,545,25,158,1,84,49,101,110,0
1804011127,126,542,23,157,1,87,50,94,109,0
1804011128,118,538,24,157,1,87,53,97,113,0
1804011129,121,536,25,154,2,85,52,99,111,0
1804011130,125,526,23,147,2,88,51,100,108,0
1804011131,125,529,22,155,2,87,52,102,105,0
1804011132,119,540,23,157,2,87,52,105,101,0
1804011133,115,531,23,156,2,86,51,106,104,0
1804011134,117,538,22,152,4,78,50,108,100,0
1804011135,110,531,22,144,4,76,50,101,101,0
1804011136,109,540,23,143,4,76,50,98,101,0
1804011137,105,562,22,130,4,72,48,102,99,0
1804011138,112,582,21,129,4,69,49,101,97,0
1804011139,115,571,20,136,4,73,49,106,102,1
1804011140,113,556,20,134,2,76,52,113,105,1
1804011141,116,547,20,132,1,79,51,109,104,1
1804011142,129,551,18,134,1,77,48,110,113,1
1804011143,127,571,17,136,1,72,48,113,104,1
1804011144,121,575,17,143,1,70,45,116,102,1
1804011145,114,586,18,149,2,69,49,113,102,1
1804011146,116,581,16,150,2,77,50,114,96,1
1804011147,118,575,17,150,2,82,49,106,98,1
1804011148,109,579,20,151,2,80,47,107,103,1
1804011149,113,583,19,147,2,84,44,100,106,1
1804011150,116,576,19,142,1,81,46,101,99,1
1804011151,119,575,19,137,1,80,46,105,100,1
1804011152,115,589,20,141,1,76,44,107,108,1
1804011153,123,593,19,139,1,75,46,113,114,1
1804011154,124,569,19,135,1,76,47,111,114,1
1804011155,129,570,19,143,1,73,44,107,112,1
1804011156,122,575,18,147,1,72,47,107,112,1
1804011157,120,571,17,143,1,80,48,112,106,1
1804011158,124,568,17,149,1,85,49,111,108,1
1804011159,119,563,17,154,1,87,49,105,108,1
1804011200,115,559,16,154,1,85,48,108,108,1
1804011201,116,551,16,156,1,82,47,109,107,1
1804011202,118,545,16,153,1,82,47,103,116,1
1804011203,123,539,16,142,1,84,46,104,116,1
1804011204,113,548,17,146,1,83,44,102,118,1
1804011205,113,544,18,148,1,76,45,103,113,1
1804011206,114,542,19,146,1,72,44,105,114,1
1804011207,119,535,19,147,1,82,44,99,114,1
1804011208,112,530,20,151,0,84,44,100,112,1
1804011209,112,520,19,155,0,81,44,105,116,1
1804011210,102,523,17,157,0,75,42,105,122,1
1804011211,106,527,19,151,0,77,45,106,117,1
1804011212,101,545,19,157,0,69,42,109,112,1
1804011213,101,541,19,156,0,72,42,103,106,1
1804011214,96,532,18,158,0,74,46,93,104,1
1804011215,97,536,17,156,0,82,46,93,111,1
1804011216,105,532,16,153,0,83,47,93,121,1
1804011217,104,531,14,141,0,83,46,94,118,1
1804011218,107,524,14,148,0,89,47,101,121,1
1804011219,101,521,14,153,0,78,45,93,111,1
1804011220,101,514,13,151,0,84,47,91,107,1
1804011221,103,522,13,152,0,81,50,91,99,1
1804011222,102,540,13,159,0,76,46,94,104,1
1804011223,105,536,12,153,0,72,46,88,105,1
1804011224,98,546,14,149,0,74,45,93,103,1
1804011225,102,548,16,147,0,72,38,99,106,2
1804011226,104,549,17,138,0,67,38,94,109,2
1804011227,109,541,16,129,0,72,39,91,113,2
1804011228,115,542,16,127,0,75,38,98,112,2
1804011229,117,540,16,121,0,77,38,105,110,2
1804011230,111,538,16,126,0,77,40,103,105,2
1804011231,111,542,17,120,0,77,40,100,112,2
1804011232,117,537,17,125,0,74,40,98,117,2
1804011233,120,544,16,126,0,67,38,96,120,2
1804011234,117,546,14,124,0,69,40,95,125,2
1804011235,116,550,13,126,0,63,41,104,121,4
1804011236,117,543,13,134,0,57,43,97,117,4
1804011237,117,551,14,142,0,65,42,104,117,2
1804011238,116,544,13,137,0,62,44,101,111,2
1804011239,117,553,12,138,0,62,44,104,111,2
1804011240,112,540,12,132,0,64,42,101,114,2
1804011241,111,537,12,129,0,61,43,106,108,3
1804011242,106,541,12,134,0,61,42,106,110,3
1804011243,114,529,12,136,0,63,41,104,106,2
1804011244,117,529,13,136,0,61,38,101,111,2
1804011245,114,528,12,127,0,61,39,104,103,2
1804011246,121,542,11,136,0,65,38,104,106,2
1804011247,123,549,10,133,0,62,35,111,108,2
1804011248,123,559,10,128,0,61,37,105,109,2
1804011249,133,553,10,131,0,65,38,105,106,2
1804011250,135,548,11,127,0,65,39,103,103,2
1804011251,131,541,11,125,0,67,40,98,107,2
1804011252,139,546,12,131,0,71,41,98,106,3
1804011253,132,544,12,131,0,71,42,103,108,3
1804011254,138,547,14,140,0,69,41,106,97,2
1804011255,130,547,15,134,0,69,39,105,108,2
1804011256,135,543,15,133,0,70,37,100,119,3
1804011257,121,544,14,129,0,66,33,100,119,4
1804011258,121,545,13,134,0,64,36,98,114,3
1804011259,125,544,13,134,0,73,37,103,115,3
1804011300,118,550,15,127,0,81,39,103,127,3
1804011301,111,547,17,130,0,77,40,103,126,4
1804011302,115,533,17,134,0,74,39,106,128,4
1804011303,116,530,17,133,0,71,38,104,124,4
1804011304,113,529,15,133,0,67,36,108,120,4
1804011305,116,529,15,127,0,63,34,109,123,4
1804011306,119,529,14,127,0,66,37,109,119,4
1804011307,125,544,14,121,0,62,37,112,115,4
1804011308,131,544,14,123,0,61,36,110,117,4
1804011309,132,553,12,122,0,65,35,117,125,3
1804011310,140,549,12,122,0,65,34,120,117,3
1804011311,133,547,12,128,0,73,35,114,117,3
1804011312,129,537,13,127,0,66,33,111,114,3
1804011313,133,544,12,135,0,70,35,105,112,3
1804011314,135,550,13,138,0,71,36,108,114,3
1804011315,132,554,13,143,0,74,35,105,113,3
1804011316,120,559,13,139,0,71,36,105,109,3
1804011317,119,553,12,147,0,64,35,107,118,3
1804011318,116,542,14,149,0,62,33,109,115,3
1804011319,110,544,14,140,0,59,33,114,108,3
1804011320,119,534,14,140,0,58,34,109,110,3
1804011321,123,538,12,138,0,62,34,104,117,3
1804011322,124,534,13,135,0,68,34,106,116,3
1804011323,123,542,13,132,0,66,34,106,124,3
1804011324,118,541,13,136,0,64,34,107,121,3
1804011325,123,554,12,138,0,68,35,113,115,3
1804011326,126,550,12,136,0,64,33,112,113,3
1804011327,129,555,11,136,0,61,36,103,115,3
1804011328,125,564,11,139,0,56,38,106,118,3
1804011329,132,549,10,136,0,57,34,112,121,3
1804011330,133,549,10,132,0,60,36,116,115,3
1804011331,131,533,10,135,0,67,34,118,112,3
1804011332,135,540,12,135,0,68,35,117,115,3
1804011333,139,530,11,134,0,68,35,111,124,3
1804011334,124,544,12,141,0,66,36,112,124,3
1804011335,122,545,16,139,0,64,36,111,125,3
1804011336,131,541,16,133,0,68,35,111,122,3
1804011337,139,539,17,141,0,66,37,110,121,4
1804011338,137,536,18,140,0,60,37,114,115,4
1804011339,138,544,17,138,0,63,35,116,116,5
1804011340,138,545,15,131,0,62,34,113,114,5
1804011341,136,543,18,132,0,55,34,116,114,5
1804011342,141,555,18,133,0,52,35,114,109,4
1804011343,148,552,18,137,0,52,39,111,112,4
1804011344,143,556,17,145,0,55,38,109,105,5
1804011345,146,547,16,145,0,67,42,108,109,5
1804011346,142,541,18,148,0,65,40,112,111,5
1804011347,128,522,18,139,0,54,37,106,107,6
1804011348,112,483,19,136,0,49,36,98,94,5
1804011349,113,498,15,133,0,53,35,107,99,3
1804011350,132,529,16,142,0,52,39,107,119,4
1804011351,134,518,16,149,0,53,38,109,117,4
1804011352,140,518,18,148,0,52,44,104,118,4
1804011353,129,518,18,153,0,56,46,109,118,4
1804011354,134,529,20,156,0,53,41,118,117,4
1804011355,135,534,20,163,0,54,41,112,110,4
1804011356,128,527,18,163,0,53,38,107,115,4
1804011357,134,535,19,164,0,59,38,104,110,4
1804011358,143,535,17,165,0,62,38,98,106,4
1804011359,135,537,17,160,0,62,38,104,107,5
1804011400,128,532,16,157,0,63,37,102,113,4
1804011401,120,564,18,161,0,62,40,98,111,4
1804011402,119,561,20,164,0,62,38,92,121,4
1804011403,123,547,20,152,0,56,38,101,125,4
1804011404,127,557,21,156,1,55,38,107,119,4
1804011405,124,558,21,156,1,50,41,105,117,4
1804011406,120,559,21,153,1,41,42,105,111,4
1804011407,129,555,21,166,1,44,42,106,100,4
1804011408,130,549,20,160,1,52,44,103,104,3
1804011409,123,547,21,163,0,49,44,101,100,3
1804011410,124,571,20,163,0,45,43,102,108,3
1804011411,122,567,19,152,0,46,41,103,108,3
1804011412,124,562,19,157,0,43,42,107,101,2
1804011413,123,560,19,152,0,44,44,106,106,2
1804011414,118,561,19,146,0,46,43,103,114,3
1804011415,118,560,17,145,0,49,42,105,110,3
1804011416,119,554,15,145,0,49,39,104,108,1
1804011417,122,557,14,141,0,45,40,102,112,1
1804011418,119,548,13,139,0,46,41,107,115,1
1804011419,130,562,14,139,1,48,43,112,123,1
1804011420,124,566,14,148,1,57,41,110,129,2
1804011421,117,556,14,146,1,64,42,113,132,2
1804011422,120,571,12,150,1,58,42,112,125,2
1804011423,119,564,12,152,1,59,42,110,121,2
1804011424,122,562,11,154,1,56,45,109,117,2
1804011425,127,567,10,160,0,59,44,111,116,2
1804011426,132,564,12,161,0,54,42,116,119,1
1804011427,136,579,14,160,0,58,41,111,120,1
1804011428,128,583,15,155,0,60,43,113,121,1
1804011429,123,592,16,154,0,54,42,110,128,1
1804011430,123,600,18,158,0,58,44,97,127,1
1804011431,127,601,19,158,0,51,42,99,134,1
1804011432,122,607,18,152,0,47,40,98,126,1
1804011433,121,591,18,148,0,47,40,96,124,1
1804011434,119,577,18,134,0,49,40,101,125,1
1804011435,127,568,17,132,0,50,41,101,120,2
1804011436,119,577,16,141,0,43,40,95,122,2
1804011437,126,580,15,147,1,48,39,92,123,2
1804011438,121,575,15,144,1,51,41,93,127,2
1804011439,126,566,15,145,0,58,43,95,143,2
1804011440,123,564,14,137,0,55,43,101,147,2
1804011441,118,557,13,132,0,55,44,104,141,2
1804011442,122,561,13,134,0,53,43,105,148,1
1804011443,123,557,13,140,0,49,42,106,143,1
1804011444,130,550,14,143,0,49,41,105,130,1
1804011445,133,555,11,146,0,48,40,94,133,1
1804011446,142,549,12,150,0,47,40,92,124,1
1804011447,143,542,12,163,0,48,39,88,120,1
1804011448,142,555,12,164,0,55,41,84,118,1
1804011449,131,543,11,169,0,57,41,91,115,1
1804011450,132,560,10,168,0,56,42,84,116,2
1804011451,132,557,13,165,0,57,41,90,114,2
1804011452,123,567,13,165,0,53,43,85,116,1
1804011453,119,575,13,164,0,50,42,88,108,1
1804011454,126,563,14,159,0,51,41,92,100,1
1804011455,123,565,14,161,0,55,40,99,108,1
1804011456,126,550,14,161,0,55,41,100,105,1
1804011457,132,562,15,155,0,54,41,101,111,1
1804011458,121,563,15,151,0,53,40,111,109,1
1804011459,121,566,19,147,0,52,40,112,108,2
1804011500,124,552,21,151,0,52,39,113,121,2
1804011501,121,547,21,148,0,53,40,107,125,2
1804011502,122,550,21,146,0,48,43,111,128,2
1804011503,123,554,17,151,0,50,44,106,133,3
1804011504,123,564,18,142,0,52,41,111,133,3
1804011505,125,561,17,144,0,48,42,106,130,3
1804011506,117,557,16,149,0,45,42,98,118,3
1804011507,111,547,17,150,0,50,42,99,115,2
1804011508,127,569,18,148,0,48,41,102,110,2
1804011509,126,568,18,160,0,49,42,102,114,2
1804011510,114,575,17,152,0,45,42,99,114,2
1804011511,120,579,16,150,0,43,42,99,118,2
1804011512,124,568,16,150,0,46,42,94,116,2
1804011513,122,584,15,152,0,44,41,92,121,2
1804011514,118,579,16,160,0,48,40,94,113,2
1804011515,121,581,16,160,0,51,42,88,110,2
1804011516,126,580,16,149,0,61,40,97,115,2
1804011517,131,573,16,149,0,62,38,101,132,2
1804011518,125,558,16,137,0,59,35,99,135,2
1804011519,128,545,15,132,0,65,37,102,129,2
1804011520,126,551,14,134,0,63,37,108,138,2
1804011521,122,539,13,136,0,64,35,109,136,2
1804011522,125,540,13,138,0,58,37,113,137,2
1804011523,122,548,12,136,0,52,36,106,132,2
1804011524,128,538,13,142,0,60,36,106,132,2
1804011525,124,542,13,146,0,59,35,98,133,2
1804011526,131,535,11,147,0,56,37,95,131,2
1804011527,133,529,11,143,0,57,38,105,134,2
1804011528,130,537,10,136,0,56,38,100,132,2
1804011529,132,531,11,133,0,49,39,94,131,2
1804011530,130,548,11,140,0,52,38,105,121,2
1804011531,130,546,11,129,0,51,40,108,114,2
1804011532,130,550,10,130,0,51,41,109,124,2
1804011533,133,541,8,140,0,51,41,100,127,2
1804011534,123,529,8,140,0,55,42,97,122,2
1804011535,123,539,8,135,0,55,44,94,117,2
1804011536,126,547,8,135,0,59,44,91,125,2
1804011537,120,562,6,128,0,59,43,95,119,2
1804011538,120,558,9,138,0,60,44,94,119,4
1804011539,119,566,9,139,0,63,42,94,112,4
1804011540,126,571,7,141,0,64,44,94,114,3
1804011541,131,556,8,140,0,70,43,92,112,5
1804011542,124,550,8,146,0,64,42,95,109,4
1804011543,122,544,7,140,0,61,45,96,115,3
1804011544,130,556,6,122,0,63,44,94,122,3
1804011545,136,566,7,120,0,64,42,96,126,3
1804011546,131,584,8,118,0,62,42,98,127,3
1804011547,137,557,8,122,0,71,40,97,125,4
1804011548,133,561,6,117,1,71,42,97,118,4
1804011549,133,562,6,126,1,66,45,94,115,3
1804011550,131,560,6,128,1,61,44,92,114,3
1804011551,127,555,6,133,1,66,43,92,115,3
1804011552,131,556,5,128,0,62,39,86,120,3
1804011553,130,549,5,132,2,58,41,87,112,3
1804011554,129,548,5,132,2,62,41,87,109,3
1804011555,124,547,5,129,2,59,40,88,111,4
1804011556,115,532,5,126,1,52,40,89,110,2
1804011557,99,509,5,121,1,46,38,83,101,3
1804011558,115,538,5,137,1,56,42,91,107,3
1804011559,118,548,5,135,1,52,40,81,118,3
1804011600,117,540,5,133,1,44,39,82,113,2
1804011601,106,527,6,131,1,50,39,83,117,2
1804011602,110,536,6,133,1,52,42,94,114,2
1804011603,111,536,7,131,1,56,43,97,114,2
1804011604,111,536,8,140,1,57,40,88,119,2
1804011605,111,551,9,146,0,58,41,82,119,2
1804011606,125,553,9,139,0,66,42,86,116,2
1804011607,124,557,8,133,0,63,41,88,112,2
1804011608,120,562,9,137,0,61,42,91,117,2
1804011609,117,571,9,138,0,58,43,101,125,2
1804011610,119,555,9,138,0,66,44,98,125,2
1804011611,118,566,11,139,0,64,45,96,118,2
1804011612,113,557,12,134,0,63,43,99,108,2
1804011613,118,553,11,138,0,64,43,99,103,2
1804011614,115,562,11,141,1,58,44,103,108,2
1804011615,123,573,11,141,1,60,44,107,108,2
1804011616,121,572,12,141,1,58,45,105,107,2
1804011617,122,568,11,146,0,59,44,106,114,2
1804011618,127,567,11,147,0,63,43,101,125,2
1804011619,128,566,10,152,0,61,43,101,122,2
1804011620,132,567,9,149,0,59,44,98,120,2
1804011621,125,569,10,144,0,55,42,112,121,2
1804011622,124,551,10,137,0,56,45,108,127,2
1804011623,127,551,10,137,0,53,48,107,116,2
1804011624,125,539,10,141,0,50,46,109,126,2
1804011625,123,535,9,135,0,49,49,105,126,2
1804011626,122,560,10,145,0,58,50,102,126,2
1804011627,123,554,10,143,0,56,48,102,129,2
1804011628,120,562,9,148,0,53,50,96,124,2
1804011629,122,542,10,144,0,54,50,97,125,2
1804011630,127,538,10,139,0,53,47,99,129,2
1804011631,127,536,10,139,0,54,47,95,131,2
1804011632,128,529,10,140,0,63,44,104,139,2
1804011633,123,528,10,137,0,62,43,112,143,2
1804011634,131,525,11,141,0,58,45,109,136,2
1804011635,133,529,11,151,0,54,47,99,133,2
1804011636,129,520,11,151,0,52,48,98,127,2
1804011637,130,520,10,153,0,55,47,95,125,2
1804011638,131,506,9,151,0,58,46,100,129,2
1804011639,126,518,9,150,0,64,46,101,121,2
1804011640,127,521,10,155,0,59,48,96,118,2
1804011641,122,526,9,146,0,58,48,95,122,2
1804011642,135,537,9,139,0,52,50,95,128,2
1804011643,137,521,9,133,0,54,49,97,125,2
1804011644,127,518,10,130,0,56,48,102,130,2
1804011645,136,520,10,125,0,53,48,101,125,3
1804011646,132,528,10,127,0,54,49,99,118,3
1804011647,129,543,10,121,0,58,46,106,114,3
1804011648,133,553,11,123,0,54,49,109,114,3
1804011649,134,563,10,116,0,58,48,99,115,3
1804011650,133,559,11,128,0,51,47,105,115,3
1804011651,143,572,11,128,0,59,49,108,113,3
1804011652,137,551,11,135,0,59,48,116,112,4
1804011653,133,572,13,141,0,57,48,117,106,3
1804011654,129,559,13,138,0,62,48,112,103,3
1804011655,126,563,13,135,0,66,47,110,107,3
1804011656,126,560,13,131,0,66,51,110,108,3
1804011657,119,515,12,128,0,63,45,94,105,3
1804011658,129,513,11,127,0,57,45,99,100,3
1804011659,134,555,13,141,0,65,48,107,114,3
1804011700,135,566,12,142,0,63,51,106,111,3
1804011701,140,577,12,135,0,63,49,100,101,3
1804011702,132,567,12,133,0,64,47,103,101,3
1804011703,134,561,11,129,0,57,47,103,103,3
1804011704,140,542,10,138,1,49,45,99,101,3
1804011705,145,541,9,134,1,54,43,96,96,3
1804011706,148,556,9,136,1,51,43,97,96,3
1804011707,145,566,10,133,1,49,43,98,90,3
1804011708,146,572,9,132,1,51,43,107,90,3
1804011709,137,576,8,130,1,49,48,111,91,3
1804011710,133,591,9,136,0,53,46,109,90,3
1804011711,136,588,9,132,0,54,44,105,90,3
1804011712,140,588,9,130,0,53,50,120,93,3
1804011713,136,572,10,130,0,53,53,119,91,3
1804011714,131,565,9,134,0,62,50,127,94,3
1804011715,130,570,10,131,0,64,49,125,93,3
1804011716,126,568,9,123,0,64,46,123,94,3
1804011717,128,565,10,129,0,65,47,134,92,3
1804011718,126,568,10,127,0,65,48,126,92,2
1804011719,125,552,10,125,0,56,50,128,99,2
1804011720,127,549,11,126,0,57,51,125,101,3
1804011721,126,523,10,125,0,60,50,121,103,2
1804011722,136,515,10,133,0,61,50,120,96,2
1804011723,139,505,6,134,0,63,51,120,96,2
1804011724,141,511,8,127,0,65,54,123,108,2
1804011725,144,525,9,127,0,62,51,127,111,2
1804011726,140,514,9,128,0,58,54,123,111,2
1804011727,143,534,8,137,0,57,55,124,108,3
1804011728,144,523,8,136,0,62,51,126,109,3
1804011729,139,519,8,140,0,60,52,122,109,3
1804011730,145,532,8,135,0,57,54,125,108,3
1804011731,141,530,8,130,0,57,52,128,105,4
1804011732,144,529,8,128,0,53,52,127,105,4
1804011733,129,536,6,132,0,58,50,124,100,4
1804011734,123,527,6,129,0,58,51,121,100,4
1804011735,126,534,6,136,0,60,52,120,98,3
1804011736,133,522,6,134,0,54,50,121,88,2
1804011737,136,527,7,137,0,58,49,123,89,2
1804011738,140,521,7,131,0,56,48,114,93,2
1804011739,143,538,6,131,0,59,50,109,91,2
1804011740,134,534,6,138,0,60,50,121,91,2
1804011741,130,530,7,123,1,66,51,120,93,2
1804011742,133,529,7,126,1,67,55,121,93,2
1804011743,132,552,10,125,1,65,56,127,97,3
1804011744,137,567,10,132,1,64,56,129,98,3
1804011745,135,558,10,127,1,50,58,128,102,3
1804011746,130,560,9,125,1,47,57,126,98,3
1804011747,133,557,9,122,0,46,58,123,103,3
1804011748,133,547,10,130,0,52,55,130,100,3
1804011749,132,535,9,132,0,47,61,115,100,2
1804011750,130,546,10,135,0,51,62,112,95,2
1804011751,130,548,9,137,0,56,61,113,95,2
1804011752,125,531,11,145,1,47,64,109,95,2
1804011753,114,545,11,143,1,49,62,104,92,2
1804011754,127,538,10,142,1,43,59,107,94,2
1804011755,125,550,8,135,1,45,57,107,89,3
1804011756,134,545,9,133,1,46,55,104,90,3
1804011757,142,544,9,135,1,55,55,109,83,4
1804011758,151,543,9,134,2,51,57,106,90,3
1804011759,150,541,8,135,2,61,52,100,89,3
1804011800,146,539,7,135,2,64,51,97,92,4
1804011801,146,551,7,139,2,61,53,98,84,4
1804011802,153,537,7,142,2,64,55,102,84,3
1804011803,151,544,8,149,2,48,56,103,89,3
1804011804,139,536,9,145,2,51,54,104,91,3
1804011805,145,520,9,144,1,52,52,111,94,3
1804011806,136,516,8,131,1,57,50,112,97,3
1804011807,134,524,7,132,0,61,53,112,98,3
1804011808,142,526,7,127,0,55,56,110,111,3
1804011809,144,518,7,131,0,54,52,107,122,3
1804011810,141,512,5,129,0,55,53,104,117,3
1804011811,136,520,5,129,0,58,55,116,124,3
1804011812,137,523,6,126,0,57,56,112,136,4
1804011813,132,522,6,119,0,54,58,107,130,4
1804011814,133,526,6,130,0,60,55,103,122,3
1804011815,133,509,7,126,0,67,56,108,113,4
1804011816,143,506,7,129,0,64,57,106,110,4
1804011817,142,512,7,124,0,68,57,101,106,4
1804011818,141,521,5,128,0,67,55,105,109,4
1804011819,142,537,5,126,0,63,57,107,115,4
1804011820,138,545,5,125,0,56,54,104,113,4
1804011821,140,557,6,130,0,52,53,104,116,5
1804011822,132,560,7,129,0,53,51,101,114,5
1804011823,129,556,6,129,1,57,54,98,111,4
1804011824,131,540,8,133,1,60,55,101,116,4
1804011825,143,544,7,133,1,55,54,104,121,4
1804011826,142,526,8,130,1,56,51,103,118,4
1804011827,143,524,8,126,1,52,52,106,114,4
1804011828,148,531,8,124,0,49,53,109,123,4
1804011829,144,542,10,129,0,48,53,104,122,4
1804011830,148,540,10,133,0,52,49,99,115,3
1804011831,136,543,10,129,0,56,50,104,111,3
1804011832,137,536,8,126,0,56,49,107,111,2
1804011833,135,541,9,122,0,61,50,115,110,3
1804011834,131,537,9,114,0,61,51,112,108,2
1804011835,126,535,8,111,0,63,52,114,106,1
1804011836,130,534,8,113,0,63,54,117,108,1
1804011837,133,537,7,110,0,60,52,112,98,2
1804011838,129,536,7,105,0,60,50,109,100,2
1804011839,135,523,8,108,0,62,48,107,105,1
1804011840,137,522,7,114,0,62,47,107,94,1
1804011841,145,512,6,123,0,54,45,109,95,1
1804011842,148,513,6,125,1,52,46,97,96,3
1804011843,145,517,5,122,1,48,46,95,93,2
1804011844,151,506,6,125,1,53,46,99,93,2
1804011845,142,515,6,130,0,54,46,96,96,2
1804011846,134,512,6,130,0,51,47,91,95,1
1804011847,135,513,7,126,0,46,48,94,106,1
1804011848,131,510,8,136,0,47,49,91,109,1
1804011849,136,508,8,131,1,47,49,89,103,1
1804011850,134,503,8,128,1,48,48,95,102,2
1804011851,150,494,8,122,1,46,47,92,102,2
1804011852,144,498,7,114,0,43,52,91,93,2
1804011853,148,505,6,117,0,42,52,89,88,2
1804011854,139,511,6,117,0,45,49,93,91,2
1804011855,147,509,6,123,0,42,49,92,100,2
1804011856,147,514,5,137,0,46,43,88,106,2
1804011857,146,497,5,136,0,47,44,91,105,1
1804011858,140,514,5,133,0,48,42,86,103,2
1804011859,149,516,6,126,0,47,43,95,107,1
1804011900,146,517,5,128,0,46,42,103,106,1
1804011901,136,523,5,127,0,42,42,101,102,2
1804011902,140,513,5,132,0,48,42,100,100,1
1804011903,142,520,6,132,0,43,43,104,101,1
1804011904,133,529,6,136,0,42,47,110,106,1
1804011905,133,522,6,131,0,47,47,106,111,1
1804011906,129,509,7,122,0,50,51,101,114,1
1804011907,129,512,7,129,0,57,52,97,115,1
1804011908,124,508,8,134,0,59,52,98,114,1
1804011909,124,493,9,130,0,60,52,94,114,1
1804011910,126,497,9,131,0,55,51,91,110,1
1804011911,121,482,10,132,0,53,51,91,114,1
1804011912,121,495,9,136,0,53,50,91,111,1
1804011913,116,503,9,141,1,50,49,87,104,1
1804011914,123,505,8,143,1,51,53,96,111,1
1804011915,120,489,7,147,1,52,52,97,102,1
1804011916,129,496,7,143,1,55,50,100,97,1
1804011917,136,496,7,137,1,55,48,93,96,2
1804011918,135,479,6,138,0,60,49,84,97,2
1804011919,132,472,6,139,1,53,47,84,94,2
1804011920,128,495,6,143,1,65,47,84,90,2
1804011921,132,492,6,143,1,64,47,85,85,2
1804011922,136,495,7,148,1,55,46,89,86,2
1804011923,122,501,6,155,1,51,48,91,82,2
1804011924,124,501,6,152,1,48,50,86,82,2
1804011925,122,496,8,151,1,51,51,83,84,2
1804011926,121,485,7,151,1,53,47,95,82,2
1804011927,120,497,7,155,1,52,47,88,78,2
1804011928,115,500,7,158,1,46,47,88,84,2
1804011929,113,499,7,154,1,40,47,98,86,2
1804011930,115,504,5,155,1,37,49,106,86,2
1804011931,106,502,5,147,1,44,52,99,88,2
1804011932,113,508,5,137,1,45,51,97,83,2
1804011933,112,512,6,136,1,45,50,101,88,1
1804011934,114,514,8,126,1,49,52,105,94,1
1804011935,118,510,10,125,1,54,51,109,94,1
1804011936,114,498,12,120,1,59,49,107,91,2
1804011937,119,500,12,122,1,54,47,107,87,2
1804011938,122,497,11,126,1,53,51,101,95,2
1804011939,116,481,11,126,1,52,52,97,86,2
1804011940,107,475,11,121,1,49,52,96,88,2
1804011941,114,470,11,122,1,49,55,95,96,1
1804011942,119,468,11,129,1,48,53,101,101,1
1804011943,125,478,11,131,1,45,52,93,104,1
1804011944,124,475,12,134,1,51,51,96,101,1
1804011945,120,470,12,130,1,54,52,91,107,1
1804011946,131,475,13,134,1,54,52,98,98,1
1804011947,131,474,13,130,1,50,51,91,89,1
1804011948,128,489,13,126,1,55,52,99,91,1
1804011949,127,512,12,123,1,52,52,98,84,1
1804011950,126,508,12,118,1,58,53,92,85,1
1804011951,126,513,12,118,1,62,55,91,85,1
1804011952,124,506,14,117,1,62,56,95,87,1
1804011953,122,522,14,114,1,55,53,95,92,1
1804011954,129,529,14,112,1,57,52,99,84,1
1804011955,127,536,14,110,1,53,51,97,85,2
1804011956,137,522,13,105,1,53,53,93,88,2
1804011957,134,536,11,110,1,48,53,103,81,1
1804011958,133,539,11,122,1,55,48,104,78,1
1804011959,133,541,11,128,1,60,52,102,83,1
1804012000,136,533,12,136,1,57,52,104,86,1
1804012001,148,539,12,136,1,52,50,105,86,1
1804012002,140,530,13,143,1,48,49,99,86,1
1804012003,136,520,13,147,1,42,48,95,82,1
1804012004,141,519,14,143,1,37,49,92,98,1
1804012005,133,521,14,139,1,47,47,101,100,1
1804012006,126,509,15,142,1,50,46,96,102,1
1804012007,130,507,15,156,1,53,45,99,97,1
1804012008,132,502,16,160,1,49,45,100,93,1
1804012009,132,498,16,153,1,46,47,102,91,1
1804012010,132,486,15,149,1,47,48,100,94,1
1804012011,134,488,14,149,1,53,45,98,100,1
1804012012,140,485,14,146,1,49,45,97,99,1
1804012013,136,490,13,151,1,47,44,100,95,1
1804012014,141,480,14,156,1,46,45,99,96,1
1804012015,141,474,14,146,1,47,45,102,102,1
1804012016,144,481,14,152,1,49,42,103,107,1
1804012017,144,495,15,150,1,53,43,101,106,1
1804012018,144,485,15,143,1,57,42,105,103,1
1804012019,147,482,14,145,1,47,44,104,105,1
1804012020,143,482,14,151,1,46,47,101,110,1
1804012021,144,487,13,138,1,41,47,99,109,1
1804012022,140,470,13,139,1,43,48,105,104,1
1804012023,142,487,12,145,1,42,49,109,100,1
1804012024,152,486,12,140,1,38,49,111,99,1
1804012025,153,496,10,146,1,37,48,114,104,1
1804012026,146,490,9,143,1,40,48,111,106,2
1804012027,145,504,9,143,1,49,49,102,103,2
1804012028,142,505,9,143,1,53,49,108,104,2
1804012029,143,498,9,145,1,48,49,105,108,2
1804012030,140,506,8,143,1,44,46,99,99,2
1804012031,144,517,7,149,1,47,47,101,103,2
1804012032,139,506,6,147,1,47,47,101,104,2
1804012033,133,494,6,147,1,50,47,100,105,1
1804012034,133,486,6,151,1,45,45,93,111,1
1804012035,133,487,7,150,1,44,45,94,121,1
1804012036,129,475,7,141,1,46,44,102,118,1
1804012037,137,486,7,143,1,45,43,97,112,1
1804012038,143,475,6,141,1,49,46,94,109,1
1804012039,141,466,6,136,1,49,44,96,114,1
1804012040,134,481,7,134,1,46,45,102,111,1
1804012041,137,481,9,143,1,56,47,98,108,1
1804012042,145,479,9,143,1,57,45,99,97,1
1804012043,141,469,9,136,1,54,43,98,92,1
1804012044,144,469,9,148,1,50,43,99,91,1
1804012045,145,480,10,149,1,43,43,105,95,1
1804012046,144,480,9,138,1,45,43,104,100,1
1804012047,141,480,9,129,1,46,42,108,101,1
1804012048,137,501,9,128,1,46,43,105,90,1
1804012049,142,476,9,128,1,46,42,98,88,1
1804012050,134,490,10,123,1,48,42,102,93,1
1804012051,136,488,10,125,2,47,41,99,93,1
1804012052,136,488,10,127,2,52,40,102,103,2
1804012053,138,483,11,115,3,49,39,100,106,2
1804012054,140,489,11,117,3,50,41,94,105,1
1804012055,123,474,9,117,3,47,41,90,111,1
1804012056,131,473,8,120,3,49,40,95,106,2
1804012057,137,492,9,122,2,53,42,95,106,2
1804012058,134,505,9,117,2,56,41,95,110,1
1804012059,143,490,8,119,2,55,39,94,106,1
1804012100,144,494,6,118,2,53,39,88,102,1
1804012101,146,488,5,113,2,52,42,87,107,1
1804012102,146,475,6,119,2,46,46,88,102,1
1804012103,150,497,9,116,2,49,51,89,98,1
1804012104,155,486,9,118,3,52,49,88,107,1
1804012105,147,489,10,111,3,50,50,92,112,1
1804012106,152,487,9,108,3,59,52,90,102,1
1804012107,147,489,9,106,3,57,56,94,100,1
1804012108,152,474,8,107,3,58,56,98,101,1
1804012109,147,468,8,97,3,66,53,98,100,1
1804012110,136,482,8,106,3,57,52,100,99,1
1804012111,134,487,8,108,3,65,51,95,103,1
1804012112,133,494,7,102,3,69,52,100,117,1
1804012113,137,499,7,106,2,63,51,98,109,1
1804012114,132,509,6,107,3,52,48,104,106,1
1804012115,132,491,6,109,3,55,48,91,105,1
1804012116,132,498,5,112,3,47,51,91,102,1
1804012117,140,512,5,121,2,49,49,90,113,1
1804012118,141,510,5,111,2,48,50,99,118,1
1804012119,153,503,6,109,2,53,49,91,123,2
1804012120,156,502,6,110,2,52,51,102,121,2
1804012121,157,510,6,109,2,43,51,106,110,2
1804012122,150,525,7,114,2,45,49,110,114,3
1804012123,155,527,6,115,2,49,50,104,114,3
1804012124,150,531,7,119,1,53,47,101,115,3
1804012125,155,547,7,120,1,54,45,101,113,3
1804012126,162,530,8,118,1,60,48,100,108,2
1804012127,151,534,9,122,2,56,46,93,98,2
1804012128,143,548,9,113,2,62,44,95,102,2
1804012129,155,515,9,115,2,58,46,92,108,2
1804012130,152,514,9,119,2,57,47,82,111,2
1804012131,152,501,7,125,2,57,47,91,108,2
1804012132,146,505,7,124,1,49,47,99,108,2
1804012133,153,503,5,125,1,56,48,102,100,2
1804012134,151,499,6,125,1,56,49,100,106,1
1804012135,149,498,6,125,1,54,49,99,103,1
1804012136,149,513,6,129,1,54,49,103,98,1
1804012137,146,524,5,131,1,53,49,100,107,1
1804012138,146,530,6,132,1,57,50,108,114,1
1804012139,146,528,7,130,1,52,49,106,113,2
1804012140,147,547,7,124,1,56,50,98,102,2
1804012141,138,544,8,122,1,59,54,92,98,2
1804012142,137,533,9,131,1,50,52,95,101,2
1804012143,142,521,9,128,1,49,54,95,100,3
1804012144,144,523,8,132,1,54,53,93,104,3
1804012145,151,534,8,129,1,53,50,99,107,2
1804012146,140,540,9,124,1,58,50,101,101,2
1804012147,139,534,10,125,1,54,52,93,95,2
1804012148,137,516,10,118,1,56,50,91,92,2
1804012149,136,529,9,120,2,61,52,105,97,1
1804012150,147,540,12,117,2,62,52,101,96,1
1804012151,143,527,12,121,2,55,50,100,92,1
1804012152,139,519,13,119,2,52,50,111,87,1
1804012153,148,515,12,116,2,50,45,112,91,1
1804012154,141,518,12,123,2,49,45,106,95,2
1804012155,149,524,11,121,2,54,45,109,93,2
1804012156,141,522,12,123,1,57,47,106,92,2
1804012157,143,519,12,122,1,58,47,108,87,2
1804012158,144,525,13,124,1,57,48,116,93,2
1804012159,135,519,12,115,2,55,50,105,86,2
1804012200,127,532,11,124,2,57,49,104,81,2
1804012201,132,530,11,114,2,51,50,103,81,2
1804012202,133,535,12,115,2,49,51,103,91,1
1804012203,128,542,11,111,2,47,49,97,93,1
1804012204,130,556,11,106,2,48,45,98,90,1
1804012205,132,563,11,112,2,55,44,102,96,1
1804012206,130,559,11,107,2,57,46,99,95,1
1804012207,134,554,13,106,1,52,45,100,101,1
1804012208,133,528,13,108,1,51,47,100,96,2
1804012209,126,527,13,106,1,54,47,102,92,2
1804012210,135,538,12,108,1,53,48,100,91,2
1804012211,142,546,11,111,1,53,47,97,98,3
1804012212,143,543,12,113,1,55,46,99,102,3
1804012213,151,518,10,118,1,58,46,99,102,2
1804012214,152,542,10,119,1,55,44,104,98,2
1804012215,148,544,10,117,1,53,44,106,90,2
1804012216,150,533,10,113,1,53,44,105,92,2
1804012217,150,540,12,116,1,54,45,111,96,2
1804012218,153,538,12,103,1,60,43,105,92,2
1804012219,147,516,12,97,1,65,42,110,84,2
1804012220,141,535,12,105,1,66,44,105,74,2
1804012221,146,527,11,108,1,69,47,111,74,2
1804012222,153,532,12,106,1,63,44,111,75,2
1804012223,155,521,12,110,1,59,44,110,71,2
1804012224,158,529,12,105,1,59,43,114,81,2
1804012225,149,535,10,102,1,59,45,108,88,2
1804012226,151,533,10,102,1,56,43,114,91,2
1804012227,147,533,9,115,1,63,47,111,90,2
1804012228,149,529,8,112,1,55,49,109,94,2
1804012229,149,523,8,113,1,63,48,108,90,2
1804012230,146,527,9,112,1,61,47,110,87,2
1804012231,142,524,9,112,1,59,47,116,84,2
1804012232,141,526,9,112,1,63,46,113,80,2
1804012233,137,518,8,115,1,59,44,113,79,2
1804012234,129,517,9,115,1,60,44,107,78,2
1804012235,137,528,10,121,2,56,45,113,86,2
1804012236,137,526,10,121,2,55,46,112,87,2
1804012237,141,535,8,120,2,56,47,106,86,2
1804012238,140,536,8,113,2,57,47,108,92,2
1804012239,137,532,7,110,2,57,50,109,82,2
1804012240,138,542,9,114,2,56,53,108,82,3
1804012241,137,521,12,113,1,54,52,108,85,3
1804012242,132,514,12,115,1,53,52,102,88,2
1804012243,127,517,12,119,1,53,53,100,92,2
1804012244,121,513,13,113,1,53,54,108,85,2
1804012245,121,523,12,114,1,54,53,108,90,2
1804012246,121,525,15,104,1,53,55,110,86,2
1804012247,119,542,15,106,1,56,57,110,78,2
1804012248,121,552,15,117,1,53,57,111,77,2
1804012249,123,560,16,121,1,52,61,110,75,2
1804012250,126,569,17,109,1,50,62,112,76,2
1804012251,122,561,17,122,1,58,60,112,82,2
1804012252,124,572,18,118,1,60,58,106,84,2
1804012253,130,572,16,121,1,56,59,105,82,2
1804012254,128,573,18,125,1,59,58,107,82,2
1804012255,125,566,15,119,1,65,58,113,78,2
1804012256,117,565,14,116,1,52,57,113,68,2
1804012257,124,566,14,122,1,51,58,110,70,2
1804012258,122,584,13,111,1,50,56,110,69,2
1804012259,119,562,12,116,2,53,57,117,71,2
1804012300,124,540,13,111,2,52,56,109,71,2
1804012301,129,539,15,98,1,59,55,110,71,2
1804012302,131,534,16,90,1,58,55,112,72,2
1804012303,122,539,15,94,1,57,55,107,72,2
1804012304,128,552,16,97,1,60,55,105,77,3
1804012305,128,573,16,92,1,57,53,112,78,3
1804012306,130,574,16,93,1,56,52,104,71,3
1804012307,139,575,15,98,1,49,52,101,68,3
1804012308,138,570,14,108,1,55,53,101,70,3
1804012309,140,562,15,107,1,55,54,102,70,3
1804012310,142,560,14,108,1,52,55,104,74,3
1804012311,141,580,14,111,1,54,54,104,66,3
1804012312,138,566,13,112,1,54,55,106,63,4
1804012313,137,571,12,114,1,54,54,106,68,3
1804012314,137,578,11,115,1,59,50,109,76,3
1804012315,130,563,12,108,1,62,53,108,76,3
1804012316,129,546,14,110,1,60,53,108,71,4
1804012317,130,526,14,103,1,61,51,109,65,4
1804012318,131,499,14,99,1,52,49,105,62,4
1804012319,124,455,12,87,1,54,48,98,57,4
1804012320,130,506,13,93,1,56,52,109,59,4
1804012321,139,522,14,97,1,65,54,115,61,4
1804012322,135,519,13,96,1,61,55,117,62,4
1804012323,135,493,13,98,1,61,54,119,64,3
1804012324,140,494,13,101,1,60,52,115,56,3
1804012325,139,501,14,104,1,61,55,115,62,3
1804012326,135,518,14,100,1,54,56,123,64,3
1804012327,138,508,13,99,1,54,58,121,60,3
1804012328,146,512,14,99,1,51,56,119,66,3
1804012329,139,519,14,97,1,51,55,117,60,3
1804012330,139,524,14,93,1,57,54,114,65,3
1804012331,147,509,13,88,1,67,57,115,68,3
1804012332,148,507,13,82,1,63,55,119,67,3
1804012333,138,510,13,82,1,68,55,119,62,3
1804012334,136,485,14,79,1,62,55,122,63,2
1804012335,144,503,15,85,1,61,57,121,58,2
1804012336,134,498,15,88,1,59,56,121,64,2
1804012337,141,508,15,88,1,57,56,123,61,2
1804012338,142,518,15,87,1,62,58,126,62,2
1804012339,147,519,15,92,1,63,56,127,62,3
1804012340,146,519,16,91,1,62,53,132,54,3
1804012341,143,503,15,96,1,61,54,134,52,3
1804012342,151,508,15,104,1,59,54,134,61,4
1804012343,145,507,15,98,1,62,54,137,58,4
1804012344,137,496,16,96,1,59,54,131,58,3
1804012345,141,493,14,99,1,60,56,128,57,3
1804012346,147,482,14,99,2,62,57,129,56,3
1804012347,144,491,13,112,2,66,58,131,51,3
1804012348,140,478,13,108,2,61,57,127,54,4
1804012349,144,474,14,104,1,71,57,127,57,4
1804012350,142,472,14,109,1,64,58,135,52,4
1804012351,143,473,15,114,1,61,58,134,56,4
1804012352,141,471,15,112,1,56,57,130,53,4
1804012353,136,461,14,112,1,49,60,134,53,4
1804012354,142,465,15,113,1,61,59,135,53,3
1804012355,140,473,13,110,1,66,61,136,51,3
1804012356,146,462,13,112,1,67,61,137,40,3
1804012357,147,476,14,118,1,63,62,130,43,3
1804012358,141,461,13,106,1,60,62,127,46,4
1804012359,133,451,13,97,1,62,63,132,44,4