,access_rate,epsilon_values,latency_deviation,total_latency,total_rewards
0,0.4,1.0,1.8461392438171162,2.8695282292710154,-5.161922642430159
1,0.5599999999999999,1.0,3.8490317043311,4.873684265826538,-5.619205119420785
2,0.48,1.0,1.0525467082319122,2.078929433664862,-0.21076082069046564
3,0.36,1.0,6.645908995487355,9.668834307359479,-1992.4969322267182
4,0.54,1.0,2.8440064625326484,4.866115702647609,-2.4477806019384216
5,0.42000000000000004,1.0,1.0455307117288042,2.068404935144868,-0.4944298086711755
6,0.52,1.0,1.0434736653117944,2.0652770453842577,-0.4933816801783446
7,0.6399999999999999,1.0,1.042081531764188,2.0630432854723417,-0.10577410090283916
8,0.5,1.0,3.4453918336858314,4.468214858478754,-696.7712321261585
9,0.33999999999999997,1.0,1.850089787825229,2.8753831885251713,-94.322798682573
10,0.5399999999999999,1.0,3.8508359499396283,6.876401506166367,-6.709061934375567
11,0.52,1.0,3.041765604126065,4.062676505241745,-34.697439598721196
12,0.42000000000000004,1.0,7.844004413075058,8.866005402104111,-111477799.16909325
13,0.54,1.0,2.049636359012029,4.0744808274003255,-0.31714548818337396
14,0.45999999999999996,1.0,2.6401916139419184,3.6603701901789107,-5.14170386603399
15,0.31999999999999995,1.0,2.2437140492092,3.265753355871614,-46.50601298423271
16,0.54,1.0,3.249599157287894,5.274433761578009,-13.356736174753143
17,0.5,1.0,4.049118642036502,6.0738767738492925,-68.246836881488
18,0.58,1.0,4.448567530262773,6.473103289048311,-10.97971851309454
19,0.6799999999999999,1.0,4.243558387935456,7.265442601105415,-1.5192575877018735
20,0.48,1.0,3.04549176908028,4.068316443986885,-5055.734787209005
21,0.45999999999999996,1.0,1.8416315693938858,2.862587735946466,-12.81851212014357
22,0.48,1.0,1.0455268486714788,2.0683694630584855,-0.3677512631095302
23,0.5599999999999999,1.0,2.245421563666251,3.2684934459353485,-0.7824816662024356
24,0.45999999999999996,1.0,2.848954677347495,4.8734709165200165,-13.016006835757974
25,0.27999999999999997,1.0,8.646607248431886,9.670057662891734,-567035.3860772738
26,0.6,1.0,3.24357577248198,5.265414142208487,-251.88613661411642
27,0.42000000000000004,1.0,2.645625170254662,3.6685228367708844,-39.08429392211971
28,0.58,1.0,3.445291036998776,6.468039024188153,-4.984747377931661
29,0.38,1.0,2.6399461099240584,3.6599817400978325,-93.77853788791175
30,0.48,1.0,1.8471710478532752,2.870814860988517,-2.0350767289556564
31,0.5,1.0,1.441929472103678,2.46301521507729,-1.9556927552118832
32,0.52,1.0,7.241751821178052,9.262776010859636,-2023199.4678824148
33,0.39999999999999997,1.0,5.440304390452548,6.4604898519660505,-5275.265086330495
34,0.38,1.0,3.0387239552705183,4.0581148024454,-4.843584149202638
35,0.58,1.0,1.0454978326044295,2.0683258738083112,-0.0891788135130325
36,0.4800000000000001,1.0,3.64543883109193,5.668168986163767,-35.42769520945353
37,0.7200000000000001,1.0,1.8476853988574902,2.871638292183435,-0.04280599599926003
38,0.44000000000000006,0.9997,1.0427924638430057,2.0643968207645087,-0.4055651282842594
39,0.38,0.9992000000000001,5.047061726465346,6.070686009067932,-13725.532797974118
40,0.5399999999999999,0.9987000000000001,2.441737039744675,4.462719836723204,-2.1676938585032284
41,0.5599999999999999,0.9982000000000002,1.0470976727120345,2.0707171125658625,-0.19322621157453418
42,0.38,0.9977000000000003,1.4508328940715507,2.4763477438835366,-1.9262585441331477
43,0.5,0.9972000000000003,5.04489920029492,8.067636925442377,-26.543396352665603
44,0.56,0.9967000000000004,4.447094038927418,6.470783122532279,-8.130853137879381
45,0.44000000000000006,0.9962000000000004,3.447184846653714,4.470870922456723,-37689.72589568387
46,0.42000000000000004,0.9957000000000005,2.445451963713025,4.468305049347217,-13.481387045244944
47,0.48,0.9952000000000005,2.6437113801845333,3.6657042670778694,-5.410027993698222
48,0.56,0.9947000000000006,3.4403305978861476,4.460623742902222,-68.15610314966219
49,0.5800000000000001,0.9942000000000006,2.2488046192873847,3.273372522406098,-0.29656692572915727
50,0.4600000000000001,0.9937000000000007,5.045606340854205,10.068426792764111,-26.348951090880938
51,0.56,0.9932000000000007,1.8489143832289734,2.8735232509802557,-1.285086926707321
52,0.6599999999999999,0.9927000000000008,1.0510741896741753,2.076677191401955,-0.035645410733619494
53,0.4,0.9922000000000009,2.6457233125777506,3.668648358988682,-39.295925863613306
54,0.44000000000000006,0.9917000000000009,5.845537236195707,6.868357107060855,-40935898.56073789
55,0.5,0.991200000000001,2.2462419091229,3.26917569260428,-13.228337997798011
56,0.6000000000000001,0.990700000000001,3.0489686976783807,6.0735141715309675,-0.5167543591168493
57,0.43999999999999995,0.9902000000000011,3.252254140255448,5.278420930216133,-94.41036002860416
58,0.5399999999999999,0.9897000000000011,4.247518878637327,5.271203855012596,-286.0614580726792
59,0.44000000000000006,0.9892000000000012,3.0453798887241206,6.0681613918957815,-5.777591974725155
60,0.4,0.9887000000000012,3.845377430078102,4.868197207364631,-13734.535905096354
61,0.4800000000000001,0.9882000000000013,5.8454541606298065,6.8682667882266655,-13834.686778191364
62,0.54,0.9877000000000014,2.0421113359315592,4.063276907873712,-0.9047657531887401
63,0.58,0.9872000000000014,2.443671088566271,4.465622134090929,-0.7764013104883492
64,0.44000000000000006,0.9867000000000015,3.443875406200528,4.465687851956314,-5.386824814679555
65,0.44000000000000006,0.9862000000000015,2.24579206998696,3.268690752879935,-6.4865573517784725
66,0.5599999999999999,0.9857000000000016,1.4384176924341712,2.4576418956544686,-0.33996510304145267
67,0.48,0.9852000000000016,2.845524032038134,4.86862816362318,-6.452649650006021
68,0.41999999999999993,0.9847000000000017,2.2452181056161464,3.2680213049039373,-6.966650193631013
69,0.4,0.9842000000000017,3.2524328836561067,5.278687947693728,-16.591676101424735
70,0.6199999999999999,0.9837000000000018,1.0430788010997505,2.064853752791632,-0.06227485528856006
71,0.5599999999999999,0.9832000000000019,4.0419418662787105,6.063260851672732,-679.5154374731808
72,0.48,0.9827000000000019,3.4416663099609055,4.462681141023632,-35.230374266046994
73,0.52,0.982200000000002,6.052417806277837,8.07910206629998,-201.5657032928762
74,0.52,0.981700000000002,1.8432404525975965,2.865095402398699,-4.703955283248433
75,0.56,0.9812000000000021,2.6473194280161643,3.6709688435030565,-12.70795291425343
76,0.45999999999999996,0.9807000000000021,2.649069392066994,3.673702519191439,-251.95899304284262
77,0.48,0.9802000000000022,1.0443457336696407,2.0664679478645263,-0.27620996831794625
78,0.4999999999999999,0.9797000000000022,2.643665153871433,3.6655489200072964,-5.366182210574101
79,0.33999999999999997,0.9792000000000023,3.449011281088734,4.473618698285312,-19.839110494191992
80,0.45999999999999996,0.9787000000000023,2.6475441034376024,3.6715225689241344,-252.01538128225178
81,0.48,0.9782000000000024,3.8454197280980025,4.868385566718557,-276306.9173891559
82,0.5,0.9777000000000025,5.039968180272574,6.0600842290229995,-934.6947067622375
83,0.48,0.9772000000000025,9.449189242213759,12.473918890777634,-64987.9219554506
84,0.5599999999999999,0.9767000000000026,4.245330536648967,5.268102540743743,-25.25013663882943
85,0.4,0.9762000000000026,4.243824842210203,5.265855202257231,-37331.29464104822
86,0.52,0.9757000000000027,3.049053229653649,6.073688889541158,-1.3472543645095465
87,0.56,0.9752000000000027,3.841739955424255,4.862808633079977,-67.83751372592374
88,0.54,0.9747000000000028,1.4435661830924977,2.4654288461385137,-1.7678127543880375
89,0.5599999999999999,0.9742000000000028,1.0459039477743446,2.0686634665643275,-0.4002392318670441
90,0.54,0.9737000000000029,4.250860580109409,5.2764169561855185,-37690.55208288443
91,0.45999999999999996,0.973200000000003,4.247392162783864,5.27118498058948,-101475.45143803403
92,0.66,0.972700000000003,2.44245313198739,4.464138049646953,-0.30488501111334465
93,0.44000000000000006,0.9722000000000031,4.845283964379406,8.868048482990787,-21.14756926385831
94,0.5,0.9717000000000031,2.6454469500797613,3.668204532610683,-9.319734819240129
95,0.45999999999999996,0.9712000000000032,1.8472618695393543,2.8710057214358273,-2.5661747728683855
96,0.41999999999999993,0.9707000000000032,2.2404887688913093,3.260883670481756,-5.183906963350839
97,0.52,0.9702000000000033,1.4387103477210084,2.4581409569222807,-0.549389989882237
98,0.5599999999999999,0.9697000000000033,6.247081265713242,7.270797343577104,-13865.377457459963
99,0.54,0.9692000000000034,1.8527135958487253,2.8791474052155515,-0.39230150598435176
100,0.5800000000000001,0.9687000000000034,1.0456245717593387,2.0684769597060066,-0.13583876563092692
101,0.44000000000000006,0.9682000000000035,4.447388410835513,6.471685646297866,-69.08119330612068
102,0.62,0.9677000000000036,4.245402008572002,7.268203765638765,-252.41025272952373
103,0.38,0.9672000000000036,10.044036916759723,12.06601935106912,-751130.9899597622
104,0.4999999999999999,0.9667000000000037,2.247060677333225,3.2706548394859736,-13.886754759075785
105,0.45999999999999996,0.9662000000000037,1.449031577383672,2.4736397957717946,-1.979741534140001
106,0.45999999999999996,0.9657000000000038,2.6418116394857156,3.6628472394768545,-1.6446406038603398
107,0.6000000000000001,0.9652000000000038,1.850824490796964,2.87655018500775,-0.36122142423394377
108,0.64,0.9647000000000039,2.04177482919933,4.062712723194986,-0.3331141067464673
109,0.48,0.9642000000000039,6.248978294514035,11.273558106842092,-727.1732511189172
110,0.58,0.963700000000004,2.845514317656368,4.868433151492809,-0.5125429560769252
111,0.38,0.963200000000004,2.6489913852787046,3.6736184474715605,-5100.987465719924
112,0.4999999999999999,0.9627000000000041,2.040106687016534,4.060278340275461,-0.9760793979900055
113,0.6,0.9622000000000042,2.2435166459039553,3.2653085163444886,-4.856047246167978
114,0.5,0.9617000000000042,1.4473870768664523,2.471147206876462,-0.902889928379764
115,0.6,0.9612000000000043,3.440258200166208,4.460520830192919,-13634.9518326744
116,0.64,0.9607000000000043,1.8452808070888445,2.8680365682314113,-0.2802483204590736
117,0.5,0.9602000000000044,1.0493444844333735,2.0739110435984633,-0.3789495370914556
118,0.4,0.9597000000000044,2.643645465417734,3.6655441666558533,-93.47413531149144
119,0.5599999999999999,0.9592000000000045,4.043818824190762,8.065858313119639,-5.667177498590329
120,0.5,0.9587000000000045,3.6437356143161326,5.665738029073564,-15.951847321002294
121,0.5399999999999999,0.9582000000000046,1.0421149201769666,2.0632831714535933,-0.2076283443124515
122,0.54,0.9577000000000047,2.2436668662930925,3.2655804552733514,-91.77997472075211
123,0.5599999999999999,0.9572000000000047,5.845857489810542,6.869054284272719,-51073.90688316683
124,0.44000000000000006,0.9567000000000048,3.4508065300143884,4.476199593293465,-712.9196866163953
125,0.5,0.9562000000000048,2.245529587502931,3.2683746332990333,-12.994879631210273
126,0.43999999999999995,0.9557000000000049,6.645542551275052,7.668588323712328,-101588.62036032064
127,0.44000000000000006,0.9552000000000049,1.04564771630615,2.068661826560065,-0.3155520343774425
128,0.5599999999999999,0.954700000000005,1.4471656383928244,2.4709059257334722,-0.6819962354392858
129,0.4600000000000001,0.954200000000005,5.845602306552636,6.868636853882319,-106531.45360179941
130,0.43999999999999995,0.9537000000000051,3.2421963265214915,5.263369086666065,-7.186499740609352
131,0.45999999999999996,0.9532000000000052,4.245530899258739,5.2681888295166805,-5056.142726375621
132,0.36,0.9527000000000052,2.2455274179653144,3.268356698573034,-14.697391104878704
133,0.5199999999999999,0.9522000000000053,10.45813972361806,14.482733936441392,-6980716871326.095
134,0.5800000000000001,0.9517000000000053,3.0474923389545867,6.071341969067282,-1.1265797771978292
135,0.4,0.9512000000000054,3.447038752469274,4.470683946219639,-36.74265219406722
136,0.44000000000000006,0.9507000000000054,4.645828289329264,5.668878474819051,-51.57912135530834
137,0.48,0.9502000000000055,5.641747476584846,7.662966887141105,-257.5052777375148
138,0.48,0.9497000000000055,1.0455679764399353,2.0684499304727253,-0.5567183355314298
139,0.6,0.9492000000000056,2.0455648122231183,4.068415404841703,-0.7469555000040276
140,0.5799999999999998,0.9487000000000056,4.436651232381897,6.4550755247790566,-13625.587967161173
141,0.42000000000000004,0.9482000000000057,2.845600160817482,4.8685782706952105,-6.7049906722768
142,0.45999999999999996,0.9477000000000058,5.845895999559204,6.868943083592958,-13854.591655962018
143,0.58,0.9472000000000058,3.4417923962771853,6.462826839311423,-34.250615926747756
144,0.5399999999999999,0.9467000000000059,1.4434900784778755,2.465325686099149,-0.36041800303384114
145,0.44000000000000006,0.9462000000000059,7.245412062372634,9.268149392952225,-13782.294009575253
146,0.5399999999999999,0.945700000000006,2.043588064005884,4.065559574114695,-0.7762003259435907
147,0.5199999999999999,0.945200000000006,3.4437952515702728,4.465635573579699,-679.6938087249684
148,0.58,0.9447000000000061,3.0456643281755023,4.068580128061408,-35.810616848668396
149,0.41999999999999993,0.9442000000000061,1.447330069747739,2.4710743134658175,-1.1717851487397462
150,0.5799999999999998,0.9437000000000062,3.8421962040374544,4.863472252183827,-93.41998604901698
151,0.5,0.9432000000000063,4.647094375182993,5.670831640839297,-19.49052454062176
152,0.45999999999999996,0.9427000000000063,2.0455154436954137,4.06827294445753,-0.9661654555100208
153,0.64,0.9422000000000064,2.2382279848527857,3.2574011725840486,-0.29220382085108715
154,0.5399999999999999,0.9417000000000064,1.0439602538496937,2.065906551383937,-0.3336754708975588
155,0.5,0.9412000000000065,2.0490017382407233,4.073534183921341,-1.1095493640394472
156,0.54,0.9407000000000065,1.0454534636581374,2.06829060982903,-0.3507460009573272
157,0.56,0.9402000000000066,5.4439138117220445,6.466174051225428,-501.6195225791469
158,0.33999999999999997,0.9397000000000066,3.0464334603218037,4.06929901477597,-255.31316938771425
159,0.45999999999999996,0.9392000000000067,3.845155971758941,6.867815063355437,-9.904176908381054
160,0.42000000000000004,0.9387000000000068,6.242044473918247,7.263173826860376,-101680.32263126576
161,0.5399999999999999,0.9382000000000068,2.4456256585233627,4.468510053916357,-4.774509992884932
162,0.64,0.9377000000000069,2.4489952650675777,4.473654006232614,-0.8891770018840788
163,0.5,0.9372000000000069,3.24577019698133,5.268745013088751,-6.633674596913892
164,0.48,0.936700000000007,7.645412207147295,9.668315759865758,-277940.5639549071
165,0.48,0.936200000000007,3.0455821383922017,4.068504439172981,-93.56607386444325
166,0.45999999999999996,0.9357000000000071,5.842203618999724,6.8632505074192185,-51105.312089100844
167,0.6,0.9352000000000071,5.244015359391372,9.266252347295552,-7.561262108295319
168,0.41999999999999993,0.9347000000000072,4.245421938049914,5.268224108191678,-13832.948670875723
169,0.52,0.9342000000000072,2.2494743032830153,3.2741240748778373,-12.931746200964337
170,0.45999999999999996,0.9337000000000073,4.6528770264203105,5.679499462982356,-15211404.045435414
171,0.41999999999999993,0.9332000000000074,8.247434015282114,9.271216574294959,-8814.912926998177
172,0.58,0.9327000000000074,2.045321225823604,4.068064251936481,-0.24240748629501882
173,0.68,0.9322000000000075,3.243881484091939,5.266073566859619,-34.091807534044946
174,0.58,0.9317000000000075,2.2419367102376233,3.262991604669849,-33.86049418506433
175,0.45999999999999996,0.9312000000000076,1.0453414245763706,2.068093995250957,-0.34268509359594
176,0.5599999999999999,0.9307000000000076,3.0476844250547983,4.071424862940567,-1.5662519067076999
177,0.5199999999999999,0.9302000000000077,3.050858868463691,4.076505584617445,-14.504498384395026
178,0.5599999999999999,0.9297000000000077,2.841816127647964,4.862822217132114,-5.287303893323227
179,0.5800000000000001,0.9292000000000078,3.844225378763464,6.866597620652276,-3.6829046854649654
180,0.56,0.9287000000000079,1.0415678894041862,2.062446777972073,-0.15907293857289959
181,0.44000000000000006,0.9282000000000079,4.248383772802586,5.272694010782903,-37667.546262217686
182,0.48,0.927700000000008,2.8489492914625254,4.873725807706414,-2.432801196617576
183,0.42000000000000004,0.927200000000008,4.449329971046142,6.47407245822234,-256.66617901877873
184,0.36,0.9267000000000081,2.6455343601995134,3.668414276068676,-3.8024613969221215
185,0.5800000000000001,0.9262000000000081,2.6454938738265823,3.6683633972510643,-1.1153779641582635
186,0.5,0.9257000000000082,1.8490615243504471,2.873845611019953,-1.8883167596928672
187,0.56,0.9252000000000082,1.047329033579937,2.0711315327638715,-0.1597511939300214
188,0.4800000000000001,0.9247000000000083,3.4454763505596135,4.468321469655408,-14.894053583129818
189,0.28,0.9242000000000083,5.036509226596939,6.054849309893241,-5260.168134508264
190,0.54,0.9237000000000084,4.045459608333851,8.068204810673913,-7.043575211380109
191,0.44000000000000006,0.9232000000000085,4.841853905082337,6.8629025206681815,-21.10811003172978
192,0.5200000000000001,0.9227000000000085,2.6529939111522554,3.6794904622023004,-690.5980613260128
193,0.42000000000000004,0.9222000000000086,7.242137524642763,9.263264131950915,-101660.54272280472
194,0.5,0.9217000000000086,1.0490657656963331,2.0737309535075816,-0.22373692085651903
195,0.5399999999999999,0.9212000000000087,1.04903281398096,2.0735784263219323,-0.16254194591623294
196,0.42000000000000004,0.9207000000000087,3.6472978484562417,5.671071678958397,-5102.999381585145
197,0.42000000000000004,0.9202000000000088,4.0544500692201115,6.081745318409777,-42.412106615951544
198,0.52,0.9197000000000088,2.6420699336079827,3.663222747490612,-3.450105803626516
199,0.44000000000000006,0.9192000000000089,1.8417211840993857,2.8626552890894863,-1.0468394388664666
200,0.5799999999999998,0.918700000000009,1.0454946694236589,2.0683648147031564,-0.18006777890474684
201,0.5199999999999999,0.918200000000009,4.845674854117307,6.8686089262845,-5073.904879607412
202,0.58,0.9177000000000091,3.2453706350387344,5.268181091897189,-2.4475060066280405
203,0.45999999999999996,0.9172000000000091,5.248571270606987,7.273110239243818,-350.05753348580345
204,0.5,0.9167000000000092,1.4401998356990509,2.460263247385987,-0.7740447345113011
205,0.54,0.9162000000000092,5.839846162091352,6.859892833264721,-5741.395224188474
206,0.4,0.9157000000000093,4.241957547328359,5.263026481922163,-257.36570104649854
207,0.5199999999999999,0.9152000000000093,3.646725895364237,5.670278953205473,-1862.8082833063422
208,0.5,0.9147000000000094,1.045447385457476,2.068235762754918,-0.31449212875074245
209,0.64,0.9142000000000094,2.043780130670119,4.065779789237665,-0.11613297304542944
210,0.5599999999999999,0.9137000000000095,3.6454205283368055,5.668238980768424,-6.624006086293929
211,0.4,0.9132000000000096,4.843996620731697,8.866004522796931,-129.20526309730585
212,0.56,0.9127000000000096,5.844673361797651,6.867221415245493,-937.6590627153109
213,0.45999999999999996,0.9122000000000097,2.2435960924549283,3.265480875949636,-1.571039579829017
214,0.43999999999999995,0.9117000000000097,2.0454831671366405,4.06827235382612,-0.8574125515073143
215,0.48,0.9112000000000098,2.8420527147238395,4.863267796535654,-1.3900160850567551
216,0.38,0.9107000000000098,7.445400455812566,8.468221025360098,-51088.434606445306
217,0.6,0.9102000000000099,5.6452937776335075,7.668005223331531,-2110.155355476495
218,0.45999999999999996,0.90970000000001,2.641792851138289,3.662786117824493,-34.42632836396434
219,0.58,0.90920000000001,1.0419039716142668,2.0629850362800206,-0.10126721267391418
220,0.44000000000000006,0.90870000000001,3.8527422818573784,4.879190351856808,-281065.03389047354
221,0.5599999999999999,0.9082000000000101,1.044290980523802,2.0663624020542253,-0.26802741781649053
222,0.5,0.9077000000000102,2.24357092997228,3.2654438450539174,-1.9124905532257348
223,0.6,0.9072000000000102,2.441726849288145,4.462702716844194,-0.3867765987089443
224,0.36000000000000004,0.9067000000000103,6.252480877495538,7.278798568113634,-74718.59744257228
225,0.36,0.9062000000000103,2.6456566451675805,3.6686420342940886,-252.48762299815826
226,0.5,0.9057000000000104,4.243677776366118,5.265639911417657,-13749.040326382266
227,0.5,0.9052000000000104,2.647232411076531,3.6710130578901117,-6.341564685760021
228,0.54,0.9047000000000105,1.0457704603758855,2.0686002813887727,-0.16222380927672692
229,0.3,0.9042000000000106,6.242207730812545,7.263373607984249,-550107.7451358923
230,0.45999999999999996,0.9037000000000106,3.8460845661137517,4.869057849677317,-686.7976288468064
231,0.4,0.9032000000000107,3.64739958054768,5.670999863012993,-99.40099395789457
232,0.36,0.9027000000000107,3.8439256313512673,4.86589563526149,-37031.98443413102
233,0.4,0.9022000000000108,2.6420271435036393,3.6629801287848673,-94.47325472872338
234,0.5,0.9017000000000108,1.0434776695261614,2.0652815684091856,-0.316128102677672
235,0.52,0.9012000000000109,3.452864940671714,4.479241011931895,-13.479348500598954
236,0.48,0.9007000000000109,3.038149240633006,4.057288350123303,-38.42335822318548
237,0.36,0.900200000000011,7.8454698361069815,8.86837040224152,-279061.5477480812
238,0.48,0.899700000000011,1.041911104869503,2.06296826410419,-0.33362827281831514
239,0.52,0.8992000000000111,4.04239400791782,6.063673166910646,-101523.22603507285
240,0.5,0.8987000000000112,4.6472238179731535,5.671142021642283,-37383.52862310699
241,0.54,0.8982000000000112,4.245394933026576,5.2684712251466,-16.5412620266959
242,0.52,0.8977000000000113,1.0491984285033154,2.073917037453125,-0.2329082841851271
243,0.52,0.8972000000000113,5.645418401460328,9.668212229513305,-13749.208506605952
244,0.5199999999999999,0.8967000000000114,2.2456703469456993,3.2685490045106937,-0.9470054809405608
245,0.54,0.8962000000000114,5.241551525030037,7.262674381048638,-258.5675182531904
246,0.5800000000000001,0.8957000000000115,2.6472976671770097,3.6711264503387264,-1.3470730785601746
247,0.5399999999999999,0.8952000000000115,3.64534911328685,5.668102460009225,-252.23387796455108
248,0.52,0.8947000000000116,3.441860765903148,4.462992106080352,-14.252997157659493
249,0.4800000000000001,0.8942000000000117,3.8454361133726254,4.868328593520376,-37329.35290764987
250,0.38,0.8937000000000117,5.037792071275281,6.056939235317591,-110498907.97701769
251,0.38,0.8932000000000118,9.043607829728003,10.06552852586534,-4114915.732470326
252,0.56,0.8927000000000118,5.052986295194062,6.079530188759847,-954.0602807339625
253,0.5,0.8922000000000119,3.0457972595847584,4.068799720760564,-5052.301430406182
254,0.36,0.8917000000000119,5.047338091503013,6.071111410520819,-111388801.09168184
255,0.62,0.891200000000012,3.8419641720158935,6.8630418891497955,-4.892721048535725
256,0.52,0.890700000000012,5.038251196024719,6.05760222850414,-36998.18850458022
257,0.43999999999999995,0.8902000000000121,3.8423733188435847,4.863505692127431,-101681.59091755934
258,0.44000000000000006,0.8897000000000121,2.252693781785787,3.279221532238565,-5.961992746167118
259,0.45999999999999996,0.8892000000000122,3.6492941837456128,5.67394286265405,-68.57804302029602
260,0.6,0.8887000000000123,1.0421428309425687,2.0631753021043453,-0.13269776503683398
261,0.48,0.8882000000000123,4.647194968202782,5.67089693184545,-111359862.11258861
262,0.34,0.8877000000000124,5.841883197307817,6.863023842466627,-15069150.041947518
263,0.44000000000000006,0.8872000000000124,5.249111898753806,7.273710114920794,-41355810.21408797
264,0.32,0.8867000000000125,6.4416974613375855,8.462616304455008,-4407.573779950095
265,0.45999999999999996,0.8862000000000125,6.64565172739569,7.668571906002867,-15086539.756195795
266,0.36,0.8857000000000126,2.049175090171209,4.073922657313211,-5.427813644175788
267,0.5399999999999999,0.8852000000000126,4.645333607022428,7.668137062001966,-685.6950128609999
268,0.4,0.8847000000000127,4.045306262801408,6.068055222845016,-30.3305477745401
269,0.42000000000000004,0.8842000000000128,7.845269823463672,10.86798334131326,-15065452.629055435
270,0.41999999999999993,0.8837000000000128,3.845212564128314,4.867977125774644,-1951.6510423270897
271,0.4,0.8832000000000129,4.647656519554648,5.671461007294536,-275839.90884462104
272,0.52,0.8827000000000129,48.131061342808266,50.15395849843878,-9.392621211405489e+48
273,0.52,0.882200000000013,5.041980565046234,6.063138383014952,-1367.6996685066763
274,0.4,0.881700000000013,5.443827332927723,6.465684482904474,-276053.1564837239
275,0.27999999999999997,0.8812000000000131,5.653075379304758,7.679582408079327,-762.3889813717531
276,0.5,0.8807000000000131,3.8382699214311997,4.857458744916603,-29.42623947304724
277,0.64,0.8802000000000132,1.047242673615063,2.070940977603006,-0.04279376298698817
278,0.43999999999999995,0.8797000000000132,8.645487573638064,11.668390897236787,-3911.8232589733952
279,0.45999999999999996,0.8792000000000133,3.8474482352936645,4.871377578759223,-682.8271271839993
280,0.62,0.8787000000000134,2.243510118703302,3.2653635927291718,-91.84995779041591
281,0.45999999999999996,0.8782000000000134,3.6454375153151064,5.668182343196593,-685.1589877720774
282,0.38,0.8777000000000135,3.8473191832267575,6.8710294886231935,-693.7149411632593
283,0.44000000000000006,0.8772000000000135,3.452682054855201,4.479223756339392,-37349.3291125252
284,0.4600000000000001,0.8767000000000136,3.245540010441674,5.268417628152038,-13.646036707071403
285,0.4800000000000001,0.8762000000000136,4.645352601718498,5.668090943715055,-2021295.7273532306
286,0.52,0.8757000000000137,2.84711134407965,4.87071322153531,-4.987705781272297
287,0.52,0.8752000000000137,1.047483799038798,2.071330664947466,-0.13599214518637112
288,0.45999999999999996,0.8747000000000138,79.62673456119818,80.6514021684192,-2.5548678486542268e+66
289,0.36,0.8742000000000139,6.240166603839691,9.260341487485686,-14396.174802645895
290,0.39999999999999997,0.8737000000000139,5.843990546084603,6.86624741956061,-13808.771148100652
291,0.42000000000000004,0.873200000000014,3.447711395610851,4.471511666777508,-259.0872859210317
292,0.52,0.872700000000014,3.6459997466250216,5.6690445288878095,-17.30217141769227
293,0.42000000000000004,0.8722000000000141,5.8418537212875705,6.862871968346235,-275936.37203199335
294,0.5800000000000001,0.8717000000000141,3.04552947375709,4.068680467538241,-14.24412410035809
295,0.34,0.8712000000000142,1.043628599566592,2.0655528272405563,-2.202574810329008
296,0.5,0.8707000000000142,4.645638189750583,5.668544850604616,-140.27056647731018
297,0.45999999999999996,0.8702000000000143,5.052566591444008,6.078937468912036,-14003.255928867415
298,0.48,0.8697000000000144,4.643650108058995,5.665457679086529,-680.9323851800149
299,0.36,0.8692000000000144,7.849094984506877,8.873662492175363,-30267366.155225895
300,0.38,0.8687000000000145,5.04544535912256,6.068484091882663,-111313186.05116412
301,0.5999999999999999,0.8682000000000145,2.0474984136348047,4.071354885631159,-0.316751699559896
302,0.34,0.8677000000000146,2.241941763381383,3.2630502686317593,-37.61245941082044
303,0.38,0.8672000000000146,2.24893685525349,3.2735365978702844,-13.609839516078887
304,0.38,0.8667000000000147,7.445748405114351,12.46867294936006,-276208.26352685504
305,0.54,0.8662000000000147,3.842119969625906,4.863291110059697,-1864.4356877365135
306,0.4,0.8657000000000148,3.4455346890576353,4.468494835517932,-126.54619895962392
307,0.44000000000000006,0.8652000000000148,4.844022859690093,6.865981448233901,-5501473.272836969
308,0.54,0.8647000000000149,2.4475103644529854,4.471343977554186,-1.9540347666743734
309,0.43999999999999995,0.864200000000015,79.55625633537075,80.57731704182426,-1.2396290677737452e+68
310,0.36,0.863700000000015,7.043742536670325,8.065768395989627,-112456401.34427479
311,0.4,0.8632000000000151,3.84375161811102,4.865741235434287,-138.40850236826424
312,0.5,0.8627000000000151,2.8390044875054534,4.8586053358886945,-12.978439557438847
313,0.42000000000000004,0.8622000000000152,3.6500801838189743,5.6753308653722785,-14.52411908401432
314,0.52,0.8617000000000152,3.4419365206489614,4.462901471103043,-26.73917098493279
315,0.45999999999999996,0.8612000000000153,1.4576541863689585,2.486547939118715,-2.0240091609396447
316,0.48,0.8607000000000153,3.2455800273915214,5.268346679353277,-34.545298410810794
317,0.54,0.8602000000000154,1.8510069918189846,2.876552258807603,-1.797690727513665
318,0.54,0.8597000000000155,3.6429574200952954,5.66468436543706,-6.60553102485022
319,0.33999999999999997,0.8592000000000155,78.39802554154089,81.42533376288847,-1.838975571082144e+67
320,0.34,0.8587000000000156,4.447445657187169,6.471052560054929,-3739.2333153265345
321,0.38,0.8582000000000156,4.649109773788528,5.6736629228401805,-10155.504694633859
322,0.38,0.8577000000000157,3.643805485664963,5.666147753147039,-1843.5459860991427
323,0.56,0.8572000000000157,3.036916705479072,6.055416071565608,-2.054660651206466
324,0.42000000000000004,0.8567000000000158,4.250934874041846,7.276466845197189,-255.54586187379755
325,0.44000000000000006,0.8562000000000158,6.447194517920107,10.470832744833602,-2126.0374854549896
326,0.3,0.8557000000000159,1.04580105162249,2.068869608202591,-4.1070968343639125
327,0.24000000000000005,0.855200000000016,3.6466238074687674,5.670067804676601,-104.10740675059836
328,0.54,0.854700000000016,2.448872088023681,4.47341271996209,-0.6433632092501206
329,0.42000000000000004,0.8542000000000161,1.845232241338815,2.86793539364892,-34.2750449141762
330,0.36,0.8537000000000161,6.645216658780922,7.66785769639001,-138913.0004083926
331,0.32,0.8532000000000162,2.2419279285483578,3.2630662977334923,-4.457222985685892
332,0.45999999999999996,0.8527000000000162,1.8456660943767997,2.868627425570666,-1.0007462085512877
333,0.34,0.8522000000000163,4.045564656214254,6.068374320869607,-13738.075062298885
334,0.4,0.8517000000000163,7.845682077623084,8.868743785440884,-4080539.5304637766
335,0.4,0.8512000000000164,3.842245343859773,4.863419224540917,-37361.67974124574
336,0.28,0.8507000000000164,6.248864452290997,7.273327372415499,-74737.18059919661
337,0.42000000000000004,0.8502000000000165,4.845403087995586,6.868192555726114,-3718.823592194837
338,0.5399999999999999,0.8497000000000166,5.447374379035581,8.471123650638349,-690.6022749520429
339,0.6399999999999999,0.8492000000000166,3.04375220132246,4.065860381603196,-5.325513527279145
340,0.52,0.8487000000000167,1.4471302553409493,2.470812271043555,-1.776130545920522
341,0.44000000000000006,0.8482000000000167,5.241946046074606,7.262988770507585,-37363.10007572635
342,0.4,0.8477000000000168,2.243584449717413,3.265478783759452,-93.4730652145745
343,0.26,0.8472000000000168,9.449108905855875,10.473773127228156,-4109643.43323964
344,0.26000000000000006,0.8467000000000169,10.841898926395274,14.86304539781382,-11361249.15597197
345,0.42000000000000004,0.8462000000000169,3.842327229390098,6.863574214224452,-19.012689337010805
346,0.54,0.845700000000017,3.441993810164058,4.463380124294716,-34.6189182199728
347,0.28,0.845200000000017,4.249008899718176,5.273662880453382,-5156.536988535358
348,0.5,0.8447000000000171,4.645768340783738,5.668611924558737,-5076.119924598676
349,0.6,0.8442000000000172,4.447172656170627,8.470862283750828,-1.9415442271130083
350,0.47999999999999987,0.8437000000000172,1.0452044984982212,2.067866110417318,-0.413903194008926
351,0.41999999999999993,0.8432000000000173,3.2437545093143756,5.265775739018282,-36.63140028251624
352,0.6199999999999999,0.8427000000000173,1.4403176756751856,2.460599447319532,-0.18513729625581676
353,0.45999999999999996,0.8422000000000174,3.845431152615819,4.868237182552944,-264.64839548235904
354,0.31999999999999995,0.8417000000000174,6.850668069650469,8.87620643565936,-5608.194796773032
355,0.5599999999999999,0.8412000000000175,1.4454766659241418,2.4683149310213124,-0.21561126155615
356,0.52,0.8407000000000175,4.4456145071681235,6.4685164748856225,-35.63789478262091
357,0.36,0.8402000000000176,11.854656485396735,12.87736803149449,-7657431693974090.0
358,0.5,0.8397000000000177,1.8471317098269093,2.8707621083356933,-1.9161085764370287
359,0.36,0.8392000000000177,4.645853776645502,5.669018716890346,-2041383.6287925825
360,0.45999999999999996,0.8387000000000178,3.4508449307995477,4.476252308738386,-278626.6501481009
361,0.54,0.8382000000000178,1.0437122012316038,2.065681480399209,-0.21212867859680581
362,0.4,0.8377000000000179,7.045807811371387,8.068894270179532,-112366913.97951481
363,0.5800000000000001,0.8372000000000179,3.244404686723384,5.266653387964167,-13.246030487967284
364,0.45999999999999996,0.836700000000018,3.2476780524288484,5.271602404238022,-13.418144817854085
365,0.43999999999999995,0.836200000000018,14.100203149439285,16.123904939865017,-5.2416971166248275e+17
366,0.42000000000000004,0.8357000000000181,3.4507547418493623,4.476266429924389,-48.954969269715015
367,0.54,0.8352000000000182,3.8452808900336697,6.86804787199417,-5.972173777581794
368,0.44000000000000006,0.8347000000000182,7.443378334460914,8.465198565261995,-15201758.040603217
369,0.6,0.8342000000000183,2.6436508201914135,3.665587651076448,-0.9580271059731246
370,0.44000000000000006,0.8337000000000183,1.4527792418184822,2.4792561473998718,-1.3621923308573054
371,0.42000000000000004,0.8332000000000184,4.0419060784224525,6.0631853012154675,-40.603425636931846
372,0.45999999999999996,0.8327000000000184,24.683482367352404,25.707149435653776,-1.9732542837388862e+33
373,0.58,0.8322000000000185,2.4437132499100107,4.465681873149821,-0.9066871085525128
374,0.26,0.8317000000000185,5.048694213027352,6.07315363114678,-212.8549447343026
375,0.41999999999999993,0.8312000000000186,1.8453189181268592,2.868087605814272,-92.86374566941207
376,0.58,0.8307000000000186,5.24162007621076,9.262529574750586,-6.850170257582334
377,0.5,0.8302000000000187,2.24902518661529,3.2735213217347563,-684.1221054353276
378,0.44000000000000006,0.8297000000000188,6.245234594640629,7.267932537306679,-111333690.54798774
379,0.36,0.8292000000000188,1.8467689984418691,2.8703673438166484,-93.29971213941074
380,0.42000000000000004,0.8287000000000189,4.648904092588221,5.6734412273368555,-5304.280980912382
381,0.32,0.8282000000000189,9.84377330120151,10.865772143337,-6099029.751424829
382,0.42000000000000004,0.827700000000019,2.645617834056297,3.6685242588936555,-5055.710493442884
383,0.3,0.827200000000019,1.045513741522025,2.0683489093524488,-3.6822838627473073
384,0.3,0.8267000000000191,6.4526808784444025,10.479108043591253,-27600.41429734988
385,0.44000000000000006,0.8262000000000191,1.0454411343699417,2.0682314539707165,-0.6294822852109118
386,0.32,0.8257000000000192,3.443996935244183,4.466104586430376,-1866.3848018879812
387,0.27999999999999997,0.8252000000000193,11.842179742695139,12.863409905779363,-333159220.552265
388,0.41999999999999993,0.8247000000000193,3.843418748366966,4.8653627588148485,-18.28958305538733
389,0.42000000000000004,0.8242000000000194,3.8488250759278144,4.873290084388681,-1953.1603983663013
390,0.52,0.8237000000000194,6.245570879543922,7.268420330778852,-756401.2882241041
391,0.43999999999999995,0.8232000000000195,3.4455603410037883,4.468367894934396,-10.013671837325878
392,0.6,0.8227000000000195,1.8479543148397173,2.871798147778261,-1.7564022577303569
393,0.30000000000000004,0.8222000000000196,6.251144683169523,7.276802999241298,-10243.721494265352
394,0.25999999999999995,0.8217000000000196,6.045603527259507,8.068493926571053,-27533.53879356244
395,0.38,0.8212000000000197,3.24733956657231,5.271025514177126,-258.7323981766904
396,0.45999999999999996,0.8207000000000197,1.4473241160614958,2.471086319483222,-1.87149287610793
397,0.36,0.8202000000000198,1.445652058521699,2.468534324869591,-4.052476460143514
398,0.4600000000000001,0.8197000000000199,1.4460372689480547,2.469034585626318,-2.025946730711234
399,0.6000000000000001,0.8192000000000199,3.049137500041782,4.073793124065491,-5106.858768334157
400,0.4,0.81870000000002,2.648999529780398,3.6734068716494335,-5059.6347268744275
401,0.41999999999999993,0.81820000000002,7.845913924756464,12.868831767137156,-281595.9510870433
402,0.44000000000000006,0.8177000000000201,1.840063256900433,2.860204637726401,-2.5633207658334176
403,0.4800000000000001,0.8172000000000201,1.8453660903693687,2.868068531092495,-2.397117690234995
404,0.5199999999999999,0.8167000000000202,9.84740039856511,10.867710674396402,-137589447628835.05
405,0.54,0.8162000000000202,2.0509939843175085,4.076550882239433,-0.8219120802303495
406,0.56,0.8157000000000203,1.0488775367563326,2.0734125618835093,-0.20598846363118062
407,0.36,0.8152000000000204,3.2489080738818443,5.273419905226526,-22.12654728940945
408,0.5,0.8147000000000204,4.445682628665006,6.468566160211433,-751349.3281744493
409,0.45999999999999996,0.8142000000000205,2.247381645624423,3.271209058828881,-1.7136675040855192
410,0.30000000000000004,0.8137000000000205,6.245203137086267,7.267957524746104,-2045061.34219873
411,0.34,0.8132000000000206,7.040096881714547,8.060398911311557,-111339733.88566427
412,0.41999999999999993,0.8127000000000206,4.648907574116095,5.673500770102235,-2056492.4168193298
413,0.44000000000000006,0.8122000000000207,2.245713686397602,3.268652120318486,-2.7855065961155456
414,0.34,0.8117000000000207,2.645292048003815,3.6680180001622857,-255.26219055318705
415,0.2,0.8112000000000208,3.245858782456459,5.268743725043047,-103.99981913427371
416,0.36000000000000004,0.8107000000000208,4.245875726254072,5.268726407217222,-107.7658120209295
417,0.48,0.8102000000000209,2.442124228325483,4.463223992696568,-1.320321283344144
418,0.5399999999999999,0.809700000000021,5.049214460277442,6.073896293704648,-278654.788090623
419,0.38,0.809200000000021,6.645382523151878,7.668218830811651,-276748.99903187033
420,0.42000000000000004,0.8087000000000211,1.4454311864215579,2.4682663580012942,-3.4447087479034506
421,0.5,0.8082000000000211,1.045817727018529,2.068826490906035,-0.2227927348010222
422,0.54,0.8077000000000212,1.04539964361259,2.068204767592769,-0.21295538035770134
423,0.58,0.8072000000000212,4.243787541197163,7.265770817621075,-35.77598697675423
424,0.3,0.8067000000000213,4.642014586821913,5.662980512531561,-1937.4123640444432
425,0.38,0.8062000000000213,4.645707277405594,5.668660066227906,-15081193.674505938
426,0.31999999999999995,0.8057000000000214,3.0416841731819124,4.062542761068468,-184.74494179264565
427,0.45999999999999996,0.8052000000000215,2.6492721142170987,3.674066259740492,-4.0894995988926075
428,0.5599999999999999,0.8047000000000215,4.445582465929647,6.468417523716305,-256.55188375817386
429,0.45999999999999996,0.8042000000000216,2.445554839966742,4.468452254722334,-6.561916102874946
430,0.5800000000000001,0.8037000000000216,4.041878615404596,8.062920129341617,-3.721077477113712
431,0.6,0.8032000000000217,2.450744824042528,4.4762555040568355,-1.9694494542581271
432,0.4,0.8027000000000217,4.641993200624714,5.663309948021256,-2020928.5318820872
433,0.3,0.8022000000000218,1.0472075887057017,2.0709417264505694,-5.1110686575327104
434,0.6,0.8017000000000218,1.0454691969912604,2.0682244512469325,-0.15072123506065327
435,0.47999999999999987,0.8012000000000219,3.043745217416739,4.065778220450943,-17.296430808452033
436,0.42000000000000004,0.800700000000022,7.240056586988698,9.260214221235195,-202148.2963124186
437,0.42000000000000004,0.800200000000022,3.849322711862417,6.873878733766307,-105.75506695818436
438,0.42000000000000004,0.7997000000000221,5.44910744107741,6.474057647870893,-112361153.05199853
439,0.5199999999999999,0.7992000000000221,1.8487069088208643,2.873117255828119,-34.12088243820408
440,0.5,0.7987000000000222,3.2489476666824926,5.273604328681134,-1877.4522719440724
441,0.2,0.7982000000000222,2.0384737771000423,4.057784816177622,-14.561373511613278
442,0.27999999999999997,0.7977000000000223,6.049032357885218,8.07361761357345,-5550733.057619793
443,0.58,0.7972000000000223,4.649068728258472,5.673679332570165,-288.48670841370864
444,0.30000000000000004,0.7967000000000224,6.041911245328668,8.062927293817792,-202116.97534181768
445,0.38,0.7962000000000224,3.8493428257888325,4.874055698020906,-1375.9170706203004
446,0.22000000000000003,0.7957000000000225,2.6434977628565304,3.6653323611421698,-42.00186077599074
447,0.2,0.7952000000000226,15.443141157697545,16.465000976411183,-443996675.776498
448,0.4600000000000001,0.7947000000000226,9.04534122510152,12.068067500146105,-5498.208799431464
449,0.4,0.7942000000000227,11.844145505128063,14.86610757653151,-30025420.850529123
450,0.32000000000000006,0.7937000000000227,6.4400350466744145,8.460121058962972,-202180.75603633543
451,0.5,0.7932000000000228,3.4524105503894575,4.4787407750498796,-258.77834070307114
452,0.52,0.7927000000000228,4.24722948158327,7.271001360906851,-11.099665490450072
453,0.44000000000000006,0.7922000000000229,3.2491298445002634,5.273836474541834,-38.98156252784869
454,0.54,0.7917000000000229,3.0453002312483983,4.068053705374798,-683.8414639006184
455,0.5,0.791200000000023,1.0493180397469564,2.0739142910367248,-0.223930369722591
456,0.34,0.790700000000023,7.048934318447854,8.073536707382141,-112275112.37262265
457,0.38,0.7902000000000231,2.2454857701578,3.268669197070345,-684.9241022433921
458,0.42000000000000004,0.7897000000000232,5.845284288391163,8.868031442635246,-275994.3103016134
459,0.4,0.7892000000000232,3.0454385016144783,4.068215583783308,-37383.74316683142
460,0.48,0.7887000000000233,2.040307329863986,4.060556042990866,-0.9941983370310876
461,0.5,0.7882000000000233,5.642005762442867,7.663078878893145,-100888.7029361772
462,0.34,0.7877000000000234,7.245668580943471,9.268456654343078,-5546023.3267122125
463,0.43999999999999995,0.7872000000000234,3.6452919192910356,5.668028112294531,-5056.674294304959
464,0.4,0.7867000000000235,5.049152969922356,6.073841045951058,-112477542.49985325
465,0.22000000000000003,0.7862000000000235,12.24895759536702,13.273407861792872,-6138839.398512496
466,0.5,0.7857000000000236,4.049079769538027,6.0739675256867915,-718.2871406118226
467,0.4,0.7852000000000237,2.6496251400822883,3.674396046961294,-7.257364432308518
468,0.6199999999999999,0.7847000000000237,3.242071844043376,5.263104339736406,-34.356471788972236
469,0.38,0.7842000000000238,4.043890335271289,6.0659717580387245,-102.0998132675369
470,0.4600000000000001,0.7837000000000238,3.0456603611109756,4.068533736643092,-14.69842114102676
471,0.36000000000000004,0.7832000000000239,8.445308005603701,10.468075258368998,-40979855.68575856
472,0.32,0.7827000000000239,8.243636611273264,9.265529167485607,-4080448.448120985
473,0.42000000000000004,0.782200000000024,3.2453925627670146,5.26819860799384,-38.99441830272441
474,0.5,0.781700000000024,4.041891380504785,6.062795498967224,-35.17892742178309
475,0.52,0.7812000000000241,1.4421072958338157,2.4631963534738057,-12.530324894073203
476,0.4,0.7807000000000242,5.84898489155347,6.873429636541788,-554632.0211253751
477,0.4,0.7802000000000242,7.452657676238,8.479121746211838,-30281178.64059794
478,0.42000000000000004,0.7797000000000243,5.847476522307876,6.871129005628385,-552162.9124414135
479,0.44000000000000006,0.7792000000000243,7.4382163883849675,8.457415507789255,-14946304.829441309
480,0.31999999999999995,0.7787000000000244,5.845458263293841,8.868171132063543,-37585.437102333235
481,0.6,0.7782000000000244,1.0457706830905142,2.0686154176169618,-0.13267485980982976
482,0.5399999999999999,0.7777000000000245,4.244920285916447,7.267579888334135,-4.329746162457898
483,0.4,0.7772000000000245,6.645564382346758,7.668412285294219,-4096850.2602532655
484,0.5,0.7767000000000246,5.445701789095001,6.468640490183411,-112395978.27742764
485,0.19999999999999998,0.7762000000000246,3.2542257457085477,5.281462600593865,-268.09268648798184
486,0.41999999999999993,0.7757000000000247,2.243851277437599,3.265879701226767,-92.57360450824842
487,0.41999999999999993,0.7752000000000248,1.4461506481810043,2.4692008095121247,-2.043677979615489
488,0.30000000000000004,0.7747000000000248,3.8400997598656965,6.86029265618244,-188.4291714764417
489,0.45999999999999996,0.7742000000000249,3.652910133657759,5.679500037550672,-264.94250405776745
490,0.33999999999999997,0.7737000000000249,7.450628611548977,10.476101009509993,-5847.580027794005
491,0.42000000000000004,0.773200000000025,5.841919724738675,6.863112247221776,-812.2309460901499
492,0.44000000000000006,0.772700000000025,3.0441239945709997,4.066189006282551,-37363.28181452102
493,0.34,0.7722000000000251,7.04366590984785,8.06565434710279,-111707.28212611564
494,0.4,0.7717000000000251,3.4454591014356866,4.468328958815694,-276019.7715324859
495,0.38,0.7712000000000252,2.445355538097887,4.46810650546732,-6.7046968625438454
496,0.36,0.7707000000000253,8.247331934382483,9.271001783583833,-12017.048111974245
497,0.38,0.7702000000000253,3.6453170574065554,5.668067177738956,-29.930947383065643
498,0.42000000000000004,0.7697000000000254,3.2435540956695093,5.2654528892320664,-7.20344365879659
499,0.24000000000000005,0.7692000000000254,4.64002853897866,5.660503552733046,-1397.0353778207032
500,0.27999999999999997,0.7687000000000255,10.646878337464212,13.670546324102839,-832387.3631196634
501,0.27999999999999997,0.7682000000000255,6.438305487294049,8.457519378668689,-27337.190565851546
502,0.42000000000000004,0.7677000000000256,1.8475916714209404,2.871559210804091,-3.670188938059204
503,0.42000000000000004,0.7672000000000256,7.843522644199753,8.86545688790189,-276569.5630367817
504,0.26,0.7667000000000257,3.4418198429700495,4.462927022915681,-276.9786152750532
505,0.3,0.7662000000000257,5.645596677515756,7.668600667721239,-3755.040345524714
506,0.34,0.7657000000000258,4.251154837292769,5.276592276309165,-10201.025455062549
507,0.31999999999999995,0.7652000000000259,5.047196725302859,6.070970051383651,-74669.53078687594
508,0.32,0.7647000000000259,5.839985709851365,6.860080021400501,-10272.293537139041
509,0.16,0.764200000000026,11.454227890018583,12.481546407307944,-937788.9827116511
510,0.54,0.763700000000026,1.0440299305256275,2.065938813763706,-0.11600123788116423
511,0.5399999999999999,0.7632000000000261,1.0460197961404962,2.0693594186659974,-0.1966529140935211
512,0.4,0.7627000000000261,8.641719343535318,9.662706240561933,-29994581.035930716
513,0.4999999999999999,0.7622000000000262,4.443877805355362,6.465804107732007,-16.221654816373132
514,0.34,0.7617000000000262,7.04923058771891,8.073734621950695,-551756.3871035347
515,0.27999999999999997,0.7612000000000263,7.04655847403487,8.069517323023158,-10848.164863216618
516,0.30000000000000004,0.7607000000000264,6.245872210343342,7.268851717901666,-552440.4571386263
517,0.52,0.7602000000000264,5.049211166540173,10.073853540292669,-9.295687929484854
518,0.5599999999999999,0.7597000000000265,2.041689431067664,4.062618390280765,-0.3853218467259566
519,0.24000000000000005,0.7592000000000265,6.244777659358024,7.267434835493728,-2060.82544847862
520,0.42000000000000004,0.7587000000000266,3.443600849399813,4.465544533353323,-262.093916684954
521,0.52,0.7582000000000266,11.447119896424557,12.467597437422876,-50576592012374.75
522,0.38000000000000006,0.7577000000000267,9.045641515466603,12.068566720163044,-4079984.0850979188
523,0.44000000000000006,0.7572000000000267,1.0419507620927093,2.0630858360542446,-3.411997104407255
524,0.5,0.7567000000000268,5.849059167155977,8.873654383480817,-2059570.1152719487
525,0.44000000000000006,0.7562000000000269,3.8454708960211574,4.86828997513297,-275827.76801408955
526,0.24000000000000005,0.7557000000000269,2.645714454242157,3.668775383242154,-37.912556610329815
527,0.4,0.755200000000027,1.0419215038514726,2.062967302057183,-3.4883374537344323
528,0.26000000000000006,0.754700000000027,12.245583962304398,13.268496920172336,-45230714.674374565
529,0.5,0.7542000000000271,3.445613097992202,6.468514982918234,-2.86249883596338
530,0.34,0.7537000000000271,2.6455339356603966,3.66837887137478,-185.77045270462725
531,0.52,0.7532000000000272,3.2473819404921196,5.271228750645492,-35.25784290996715
532,0.44000000000000006,0.7527000000000272,3.8436730683565736,4.8657509578295866,-37378.58995956258
533,0.58,0.7522000000000273,3.2453469016492136,5.268236704034256,-2.198348186645185
534,0.42000000000000004,0.7517000000000273,4.240906270235487,5.261133762154696,-14946385.58959947
535,0.36,0.7512000000000274,6.252602252991635,9.278982786833271,-37492.08180451862
536,0.18,0.7507000000000275,4.2453982156307974,7.268100576466426,-282.990754020277
537,0.26,0.7502000000000275,9.84359628608063,10.865624314031985,-30018474.937199175
538,0.45999999999999996,0.7497000000000276,4.248852145625508,5.273425394532608,-37703.10906568999
539,0.4,0.7492000000000276,6.2455911688664125,7.268386563864434,-111409891.43232624
540,0.52,0.7487000000000277,3.8418519443230563,4.862891133613927,-13740.361822892597
541,0.4,0.7482000000000277,2.2473432945363534,3.271496078991653,-25.18711262025678
542,0.4,0.7477000000000278,3.842375582748936,4.8636120152288385,-185.38124083769338
543,0.42000000000000004,0.7472000000000278,25.877868061508217,26.899769189647508,-2.661091593494035e+32
544,0.4,0.7467000000000279,5.445275333375171,6.468022214850824,-2039372.2273523845
545,0.33999999999999997,0.746200000000028,8.247436548623629,13.271265477037156,-75393.60344702839
546,0.3,0.745700000000028,5.4454726481771,6.468460838658672,-528.9948502441908
547,0.34,0.7452000000000281,11.446566990857324,12.470042345765087,-4125154.757701068
548,0.52,0.7447000000000281,2.4453767891588205,4.468138252744075,-2.052174339004749
549,0.36,0.7442000000000282,6.246708496050343,9.27034889792167,-276982.22526268905
550,0.54,0.7437000000000282,4.44854346807367,6.473037862793348,-8.305245820960009
551,0.32,0.7432000000000283,5.445623567361446,8.468554302676612,-750434.4801696523
552,0.18,0.7427000000000283,7.447667123286154,8.471448269885158,-20282.360383796957
553,0.42000000000000004,0.7422000000000284,4.6400598429650035,5.660207453942906,-37379.41972895736
554,0.4,0.7417000000000284,3.447253251511035,4.470981800836123,-186.99498536625322
555,0.5400000000000001,0.7412000000000285,4.851342571057924,6.876944893075946,-5496841.881526034
556,0.34,0.7407000000000286,2.047200819514385,4.070818294374531,-9.517910779301081
557,0.42000000000000004,0.7402000000000286,2.6564909290265817,3.6847785350150053,-255.63642711340435
558,0.4,0.7397000000000287,1.8398547092150124,2.859835490537536,-92.75228537601771
559,0.42000000000000004,0.7392000000000287,5.045463968494387,6.068254151261181,-267.0798718638485
560,0.4,0.7387000000000288,2.6480848208619365,3.672090708886258,-685.6593193286102
561,0.26,0.7382000000000288,2.2438556360613218,3.2656659080867705,-37.81436253913275
562,0.3,0.7377000000000289,9.245188554270914,11.267931039027923,-2249872.63697311
563,0.56,0.7372000000000289,2.042993577859223,4.064761535620004,-0.3852696305674243
564,0.36000000000000004,0.736700000000029,3.6512007724980906,5.676910284618349,-13887.373052948087
565,0.22000000000000003,0.736200000000029,2.0419675628899268,4.063043631994438,-14.498549472785461
566,0.45999999999999996,0.7357000000000291,6.64238966552678,7.663456829880067,-14942558.969834527
567,0.38,0.7352000000000292,1.045470181969081,2.068215497631203,-2.190639819597443
568,0.4,0.7347000000000292,2.8454567920693057,4.868268775989941,-8.11699180711589
569,0.4800000000000001,0.7342000000000293,4.645938351968837,5.668701873783652,-106.10739246080804
570,0.28,0.7337000000000293,3.6457508802958842,5.668783646905425,-504.37989210560517
571,0.48,0.7332000000000294,6.445654295874467,8.468554217331077,-5591370.004816515
572,0.38,0.7327000000000294,10.6543917395702,11.677128785889611,-2814899941217399.0
573,0.5199999999999999,0.7322000000000295,5.0454634028642324,6.0682827428168125,-275837.99520204135
574,0.30000000000000004,0.7317000000000295,6.245545589225076,7.268510965049188,-74760.8602888584
575,0.56,0.7312000000000296,5.045663380769273,6.06855677235667,-1895.8371336998127
576,0.28,0.7307000000000297,4.24404121120972,5.265974002922066,-10114.36006794182
577,0.26000000000000006,0.7302000000000297,5.840050086720599,8.860151107801169,-2036.517043764461
578,0.42000000000000004,0.7297000000000298,2.251161548126402,3.276981359432699,-6.9631408186165995
579,0.18,0.7292000000000298,11.83817672695857,12.857351213231052,-332048861.13135237
580,0.36000000000000004,0.7287000000000299,3.449152199424897,4.473742362544328,-27.3011544991818
581,0.4,0.7282000000000299,7.445348093433699,8.468124995373389,-15831712.714010295
582,0.5599999999999999,0.72770000000003,2.842016881017294,4.863107510448549,-4.877028711137993
583,0.42000000000000004,0.72720000000003,5.2436841932563265,7.265647396471411,-40968072.19125668
584,0.5,0.7267000000000301,3.8468484951047537,4.870524409662482,-105.34711407909931
585,0.27999999999999997,0.7262000000000302,11.245307602379299,13.268011011953046,-16633874.93578289
586,0.5599999999999999,0.7257000000000302,4.241624889160208,5.262553188811769,-275957.6663590386
587,0.12,0.7252000000000303,8.041967202281944,10.06309411791589,-8100.7989601907075
588,0.48,0.7247000000000303,5.850905228426517,6.876481872941605,-15206091.40026855
589,0.18,0.7242000000000304,2.044814866784838,4.066749708102718,-18.509532573371324
590,0.22000000000000003,0.7237000000000304,13.04373026015279,14.065669689674689,-45266674.44597472
591,0.4,0.7232000000000305,2.6420961036678863,3.663175994469397,-13.186181342255319
592,0.28,0.7227000000000305,2.6455215330344126,3.668441102508185,-185.49507999939863
593,0.4,0.7222000000000306,3.63836518709885,5.657625396924642,-13636.51565829491
594,0.4,0.7217000000000307,2.243629826798521,3.2654649207544657,-13.382760385053862
595,0.54,0.7212000000000307,2.445490857535588,4.468366888251081,-68.33085831460183
596,0.32,0.7207000000000308,5.441878259746485,8.462793374213046,-10063.804035943827
597,0.3,0.7202000000000308,5.847250773247351,6.871143535371431,-15158.73691924183
598,0.44000000000000006,0.7197000000000309,5.049037965770603,6.073599026534204,-2040864.4777815223
599,0.5599999999999999,0.7192000000000309,2.6491551582370265,3.673845021486021,-3.4864819255096564
600,0.36,0.718700000000031,1.0438094307502799,2.065754664107625,-3.5104990964793124
601,0.5599999999999999,0.718200000000031,2.2471096752611386,3.2707796652064354,-12.767312163600389
602,0.38,0.7177000000000311,6.249156432409395,7.273836873356831,-1420.8046583294438
603,0.5,0.7172000000000311,2.245574571514851,3.2685016841118246,-5.341805938466327
604,0.34,0.7167000000000312,5.442016994727867,6.463087631603377,-74408.78966106732
605,0.36,0.7162000000000313,8.445544657749005,10.468637315834531,-1500725.0963686379
606,0.45999999999999996,0.7157000000000313,7.850780163634387,10.876243744360252,-4095782.2952376185
607,0.34,0.7152000000000314,4.649060014698377,5.673734637551076,-1368.8657651705885
608,0.38,0.7147000000000314,3.047451672649258,4.071234072878508,-37371.31382143781
609,0.26,0.7142000000000315,9.847075699107819,10.870840204576272,-830348.8494557253
610,0.4800000000000001,0.7137000000000315,1.038093227704464,2.057229101157637,-1.760294879538833
611,0.27999999999999997,0.7132000000000316,2.2403363095820135,3.2605503738852852,-37.308381023159676
612,0.64,0.7127000000000316,1.0401865457743003,2.0604252726811145,-0.05490930152163455
613,0.34,0.7122000000000317,4.24197499970869,5.263605278772749,-37421.49750801698
614,0.2,0.7117000000000318,12.443673770880569,14.465678561184404,-122576130.6568912
615,0.36000000000000004,0.7112000000000318,6.241708302214621,7.26278579243129,-2038856.0017018146
616,0.36000000000000004,0.7107000000000319,2.643591203799953,3.6655431562426726,-126.66296950726348
617,0.4,0.7102000000000319,7.445932722890326,8.468911688828495,-30169579.911816735
618,0.3,0.709700000000032,3.8436606367968915,4.86555134173216,-37377.929886876314
619,0.32,0.709200000000032,7.441923283475137,8.462997758945225,-30154358.82219678
620,0.38,0.7087000000000321,5.449155804470045,6.474091555733589,-15199784.478591975
621,0.34,0.7082000000000321,7.045267963077089,8.068196511734449,-74770.32630533699
622,0.38,0.7077000000000322,4.245450713122018,7.2683233473738,-42.22534654463981
623,0.5,0.7072000000000322,1.041639087756926,2.062570846208537,-0.18799448878826325
624,0.3,0.7067000000000323,5.845574307458986,6.868306067947264,-11977.322317168077
625,0.38,0.7062000000000324,5.045746929489541,6.068678564523424,-74723.05589978964
626,0.26,0.7057000000000324,2.8381744316326745,4.857328712447864,-68.59731892371799
627,0.38,0.7052000000000325,4.6422810537390005,5.663608558262947,-37448.076385923654
628,0.48,0.7047000000000325,3.2456112933817467,5.268385285296728,-15.084275961778465
629,0.45999999999999996,0.7042000000000326,9.443487662754293,10.465427451976717,-314356.0885247589
630,0.42000000000000004,0.7037000000000326,5.447374994241121,6.47115221776603,-321.680229285196
631,0.38,0.7032000000000327,10.245570490690406,11.268304588002433,-126524614.95473476
632,0.28,0.7027000000000327,3.046127118447111,4.069233271540647,-687.9706445293721
633,0.3,0.7022000000000328,2.0526717158551984,4.079066438869305,-14.14927670135294
634,0.3,0.7017000000000329,5.847572347053108,8.8713515830631,-3230.887274344762
635,0.58,0.7012000000000329,1.4454988891718656,2.4683206916868143,-0.16217417812363946
636,0.24,0.700700000000033,8.240258149473487,9.260443265116539,-221751728.90574056
637,0.4,0.700200000000033,9.04839478762112,10.07280636946587,-112486954.66388996
638,0.42000000000000004,0.6997000000000331,5.445695046273544,6.468511644677247,-732.824104850614
639,0.44000000000000006,0.6992000000000331,6.248996317622701,7.273734840664838,-38275.7562681633
640,0.33999999999999997,0.6987000000000332,9.442006611657987,10.463060397882384,-4079965.0824722173
641,0.28,0.6982000000000332,8.647197022974813,11.670871463642893,-139983.21469901517
642,0.48,0.6977000000000333,2.0454783011315447,4.06826786638465,-0.6591082158339396
643,0.44000000000000006,0.6972000000000333,5.041954377341208,6.063126591681039,-40970435.957454205
644,0.42000000000000004,0.6967000000000334,3.2492146192162314,5.273933799601329,-253.802949393466
645,0.34,0.6962000000000335,8.65292646414056,9.679377510591525,-222788233.42027074
646,0.43999999999999995,0.6957000000000335,4.242196845426887,5.263679813835726,-273523.30813611037
647,0.24,0.6952000000000336,9.841780246225571,12.8628229077838,-4066654.9791960283
648,0.42000000000000004,0.6947000000000336,1.054610211541117,2.0820292151539115,-2.410610302250978
649,0.42000000000000004,0.6942000000000337,4.245431294503729,5.268245017669625,-15074339.277392397
650,0.4,0.6937000000000337,3.4418997109675766,4.46288519524232,-188.18599943396367
651,0.4,0.6932000000000338,7.045646643870744,8.068659062759593,-4099973.948679573
652,0.22000000000000003,0.6927000000000338,12.245382619681708,13.268155090526784,-45209668.442937344
653,0.32,0.6922000000000339,5.451114346200858,6.476598432255697,-112379643.2168465
654,0.26,0.691700000000034,7.448877480628118,8.473356637876806,-4115357.276337222
655,0.42000000000000004,0.691200000000034,2.243433956862997,3.2652280682452464,-684.3208508091607
656,0.21999999999999997,0.6907000000000341,2.6439437900467007,3.6659865965885823,-50.04569614526224
657,0.36,0.6902000000000341,1.8422389404132005,2.863462217541182,-25.18799320173473
658,0.4,0.6897000000000342,7.843415687853674,8.865202151947225,-2037230.9392064207
659,0.52,0.6892000000000342,3.4524586848139123,4.479333126213362,-266.5763878528642
660,0.5399999999999999,0.6887000000000343,1.4440931032245181,2.466250073580878,-0.31467738756872754
661,0.4,0.6882000000000343,5.445412593764214,6.4682354404737925,-15060160.34388264
662,0.5399999999999999,0.6877000000000344,3.8419505682438766,4.863040375597659,-700.9147214474684
663,0.4800000000000001,0.6872000000000344,4.244936638815636,5.267721321859819,-15091705.00344899
664,0.4,0.6867000000000345,3.2418403261490853,5.263214220532077,-253.57866291057158
665,0.32,0.6862000000000346,7.448933444066374,8.473526350555797,-554542.7081485351
666,0.54,0.6857000000000346,1.8453684112465338,2.8681894471741174,-1.8272082818925095
667,0.18,0.6852000000000347,4.641580620493468,5.66269530495196,-368.8969002955898
668,0.30000000000000004,0.6847000000000347,4.245403950292035,5.268165973932294,-190.7808332176249
669,0.5399999999999999,0.6842000000000348,3.445753228116525,4.468721860850767,-67.92300838521712
670,0.58,0.6837000000000348,1.0436698152253192,2.0655905726969337,-0.1351185822403958
671,0.32,0.6832000000000349,6.641939702741142,7.662983188306429,-75070.8569058477
672,0.43999999999999995,0.682700000000035,2.6438273566550827,3.6659002280189767,-184.32432981742863
673,0.38,0.682200000000035,6.644111309305529,7.666201088407583,-5847.355046230056
674,0.34,0.6817000000000351,9.448801992970512,10.473350125745208,-832729.0088624421
675,0.44000000000000006,0.6812000000000351,5.049278276153165,8.073893267494972,-81.63873260107752
676,0.28,0.6807000000000352,5.44243624543993,6.463504875634233,-2043.9741760517986
677,0.32,0.6802000000000352,4.845163649579167,6.867818976628243,-2039081.9271972973
678,0.43999999999999995,0.6797000000000353,6.449382682575836,10.474153057582205,-102645.19571801856
679,0.34,0.6792000000000353,6.843819860009917,8.8656653694356,-1488669.4575927414
680,0.36000000000000004,0.6787000000000354,2.6488111581121423,3.6732858093093896,-25.40602667118843
681,0.36,0.6782000000000354,3.045530666241791,4.068513969511666,-25.96040023439149
682,0.4,0.6777000000000355,3.850615675966998,6.876009340394508,-106.9322872703571
683,0.16,0.6772000000000356,10.64954446429038,11.67408822352473,-1109823.1404015871
684,0.38,0.6767000000000356,8.44879508655291,10.473284824347108,-107239.28710649225
685,0.25999999999999995,0.6762000000000357,9.447029135723032,10.470638510195704,-224699293.9992755
686,0.5800000000000001,0.6757000000000357,1.047531879041503,2.0713927783348622,-0.1354128654407029
687,0.32,0.6752000000000358,7.4435876570114985,8.465538832544421,-4059955.949487707
688,0.33999999999999997,0.6747000000000358,10.241879928181131,13.263245977064722,-30020575.784011655
689,0.34,0.6742000000000359,2.0455468126821468,4.068428373291071,-13.871318795948104
690,0.28,0.6737000000000359,8.249011169867718,9.273625581121546,-4099263.264895936
691,0.33999999999999997,0.673200000000036,3.0454608288723977,4.068344939630142,-98.0271438713856
692,0.4,0.672700000000036,4.447122779241047,6.470685061836941,-1896.2921054271278
693,0.44000000000000006,0.6722000000000361,6.242344482648525,7.263469377184026,-74365.4061312848
694,0.42000000000000004,0.6717000000000362,9.645748734414324,11.668733794392432,-82012083.62130436
695,0.26,0.6712000000000362,3.4453152879499362,4.468021712571272,-13736.497347069619
696,0.48,0.6707000000000363,48.3291165192184,49.3519785757443,-2.544659437600635e+49
697,0.21999999999999997,0.6702000000000363,3.845582210911901,4.868445747890632,-279.58180762934785
698,0.48,0.6697000000000364,4.248804443372639,5.27330229492078,-15060100.431994027
699,0.4,0.6692000000000364,5.849230998357524,6.87395721453652,-39303.447164016216
700,0.43999999999999995,0.6687000000000365,6.449270548854363,8.474020096597158,-603.0272616293082
701,0.36,0.6682000000000365,3.8435126876079293,4.86536759814024,-1361.7771266107334
702,0.42000000000000004,0.6677000000000366,5.045298527389859,6.068150264620419,-14931564.346832868
703,0.2,0.6672000000000367,7.841805849551489,8.86288854245759,-20130.793053182097
704,0.5199999999999999,0.6667000000000367,2.0438224040378232,4.065840901453578,-4.718018809323672
705,0.24,0.6662000000000368,11.04746456773317,12.071236138784942,-6135455.747226015
706,0.4,0.6657000000000368,6.64770580232531,9.671646741093575,-2044493.4431945216
707,0.38,0.6652000000000369,5.845597889887927,6.868538049931898,-15091244.165037636
708,0.32,0.6647000000000369,5.248847486857718,9.273357646979454,-512.496916744798
709,0.28,0.664200000000037,5.649090895227005,7.673912216927121,-27487.906001039722
710,0.4,0.663700000000037,3.444284423189626,4.466306739015666,-1363.8420225453353
711,0.16,0.6632000000000371,15.443639219763241,16.465378345225407,-444407693.20680046
712,0.52,0.6627000000000371,3.2435868986972785,5.2655263983467275,-2.3358260109572493
713,0.26,0.6622000000000372,3.8508176257601727,4.876396031383359,-221.640052749268
714,0.26,0.6617000000000373,5.4405709290342035,6.460841415458114,-5779.357576127151
715,0.38,0.6612000000000373,51.52905598115838,52.55296979383456,-2.537398691337362e+49
716,0.36,0.6607000000000374,3.8383828209265465,4.857670366950131,-52.43335944333653
717,0.4,0.6602000000000374,5.845378089858192,6.868219214014315,-101559.79418952904
718,0.42000000000000004,0.6597000000000375,5.445474561289702,6.468323351631803,-111332845.1740576
719,0.22000000000000003,0.6592000000000375,8.845269302788962,10.868065696562898,-41902.41478371508
720,0.4,0.6587000000000376,3.6419797110247503,5.663096641842026,-254.23501558820766
721,0.5,0.6582000000000376,4.441956048241124,6.463088700487208,-101572.3062754422
722,0.45999999999999996,0.6577000000000377,2.245829255308989,3.268674541266538,-12.898053404695622
723,0.36,0.6572000000000378,4.247306133212106,5.2709358047757355,-10153.879349521787
724,0.4,0.6567000000000378,6.243512633701132,7.2653401956712855,-111342578.94954398
725,0.24000000000000005,0.6562000000000379,3.245720605609198,5.268484267625172,-103.15093051699992
726,0.18,0.6557000000000379,9.44021723925626,12.460348508545602,-148453.4497885855
727,0.3,0.655200000000038,7.041856254997886,8.06310855822357,-3245.006392671009
728,0.54,0.654700000000038,4.6437973920162685,5.665829092516138,-48.30331738448809
729,0.2800000000000001,0.6542000000000381,6.2473577005786955,7.271267351228777,-2061.4860077624057
730,0.27999999999999997,0.6537000000000381,3.0466094253543354,6.0702024844881945,-38.274196134300546
731,0.24,0.6532000000000382,9.044978679584357,10.06768845379592,-824273.468562446
732,0.4600000000000001,0.6527000000000382,1.8452499245330067,2.867968185029082,-92.90063521685785
733,0.34,0.6522000000000383,4.245229574724174,5.267939834019752,-938.1067461428287
734,0.27999999999999997,0.6517000000000384,9.845232459916154,10.868159828911647,-827990.4308160134
735,0.24000000000000005,0.6512000000000384,5.839905433292115,6.859942898468918,-15076.765281599899
736,0.32,0.6507000000000385,7.847025619784626,10.870673102178698,-112358.86489050428
737,0.4,0.6502000000000385,1.050694729382237,2.076102878531671,-1.9088094772173303
738,0.22000000000000003,0.6497000000000386,7.445627524805926,8.46842385991068,-2338.2231472987687
739,0.19999999999999998,0.6492000000000386,12.245687312753573,13.268561211179025,-334217711.5739607
740,0.5,0.6487000000000387,5.24563677407035,7.26866913752622,-750379.3405744501
741,0.36,0.6482000000000387,5.645995542352077,7.668870919067842,-5544007.645416209
742,0.2,0.6477000000000388,11.04544008592298,12.068142027387696,-6118485.206680066
743,0.3,0.6472000000000389,1.043604968136479,2.065489747888487,-5.109173575190065
744,0.52,0.6467000000000389,4.042105536286601,6.063545679329429,-256.1958155596691
745,0.24000000000000005,0.646200000000039,9.849066417391219,12.873725949530677,-833024.8255209692
746,0.34,0.645700000000039,4.443825826707155,6.465755554109805,-55.95351480660103
747,0.3,0.6452000000000391,6.845638568316831,8.86843649584756,-41233.29346829206
748,0.2,0.6447000000000391,7.443623329667389,8.465557733501337,-112051.84873331536
749,0.36,0.6442000000000392,8.64391967542787,9.6658800152471,-2023998.0836596508
750,0.26000000000000006,0.6437000000000392,4.641994712167678,5.662965156006033,-1883.6955480566219
751,0.4,0.6432000000000393,4.645767591981197,5.668545435572416,-2043351.1607769292
752,0.36,0.6427000000000394,7.038743844880822,8.05803571533498,-110545614.47312996
753,0.5,0.6422000000000394,5.445465957028259,8.46821077494062,-1866.0982145573398
754,0.5,0.6417000000000395,3.4434022736967314,4.465291052417997,-97.12913144378379
755,0.48,0.6412000000000395,2.243845819639644,3.2660596155544943,-2.213605082800239
756,0.4,0.6407000000000396,4.649088094725301,5.673784985613247,-276053.0563654467
757,0.62,0.6402000000000396,4.243113011814453,7.264998699456278,-2.5692743903575517
758,0.3,0.6397000000000397,4.242106408963761,5.26322842624778,-1373.0867440832212
759,0.24,0.6392000000000397,9.245457827137079,11.268294449008273,-304804.61624615005
760,0.38,0.6387000000000398,8.445651884093147,10.468547840180186,-81992340.396947
761,0.32,0.6382000000000398,1.0453969422219749,2.0681176219484976,-3.539936399076334
762,0.4,0.6377000000000399,10.243919289007069,11.26602405879799,-222693687.46284515
763,0.48,0.63720000000004,3.454468197744898,4.481732072941151,-5104.689900414707
764,0.4600000000000001,0.63670000000004,4.043502853955157,6.065313045310944,-1862.480391748791
765,0.12,0.6362000000000401,10.84544309196785,12.86824456522038,-330932.6037055704
766,0.27999999999999997,0.6357000000000401,7.440046409111757,8.460163660464547,-550028.8232929094
767,0.26000000000000006,0.6352000000000402,8.843765892598714,10.865793967855653,-303796.91547235387
768,0.4,0.6347000000000402,6.6462239852635365,7.669214832009054,-554362.1318289882
769,0.34,0.6342000000000403,9.04689792837992,12.070569955872518,-75173.15493723421
770,0.36000000000000004,0.6337000000000403,6.442211727447807,8.463617769685598,-743641.9260834026
771,0.36,0.6332000000000404,8.247463886182073,9.271248547637644,-4077800.7499677814
772,0.33999999999999997,0.6327000000000405,5.044092582307799,6.066025700662281,-10065.624817096448
773,0.33999999999999997,0.6322000000000405,8.248858077135274,9.27338501913766,-30267923.714382887
774,0.48,0.6317000000000406,6.23875645819716,9.25819254465122,-5079.461164088626
775,0.24,0.6312000000000406,10.248850714969882,13.273334897950742,-30677845.50238529
776,0.2800000000000001,0.6307000000000407,4.446726010032218,6.470361015048328,-756.2360104675624
777,0.19999999999999998,0.6302000000000407,11.05641094679451,14.08464826611991,-6174266.534668613
778,0.3,0.6297000000000408,4.44393143510158,6.466000573097472,-3707.3483106143212
779,0.36,0.6292000000000408,7.04227372852461,8.06329118613835,-37824.4571065808
780,0.5,0.6287000000000409,3.036803540915849,4.055456012251838,-6.392411751990496
781,0.13999999999999999,0.628200000000041,12.041826575961085,16.062817012206697,-2987902.85329393
782,0.34,0.627700000000041,3.84538974680947,4.868170700680718,-2040759.8638342272
783,0.1,0.6272000000000411,19.04879260584182,20.073305174205032,-558657372.3765143
784,0.32,0.6267000000000411,4.847234084849529,6.870882003373057,-3738.456142331481
785,0.3,0.6262000000000412,6.842188600434118,8.863316212128453,-1488071.56547471
786,0.3,0.6257000000000412,4.650395354399352,5.675716788650043,-10152.906875890118
787,0.4600000000000001,0.6252000000000413,2.040416854289976,4.060647433134729,-5.007265601607435
788,0.3,0.6247000000000413,8.645692255573453,9.668643720839423,-222865119.18294758
789,0.4,0.6242000000000414,3.643506852679985,5.665296514850683,-1852.018804522539
790,0.15999999999999998,0.6237000000000414,12.250223550971189,13.275562100954266,-8182542.819020763
791,0.25999999999999995,0.6232000000000415,4.451214541697589,6.476849740624411,-759.9870872953824
792,0.3,0.6227000000000416,11.445584585499697,14.468509949139872,-45202017.03184785
793,0.28,0.6222000000000416,1.8456609601386682,2.868494456686933,-25.416600376482887
794,0.34,0.6217000000000417,4.844161095195597,6.86619813404497,-15485.957325473199
795,0.30000000000000004,0.6212000000000417,6.249016129055277,7.2735365252187,-554285.6039576355
796,0.4,0.6207000000000418,1.841890320801615,2.862956932890411,-12.930517676506502
797,0.2,0.6202000000000418,15.445376125398667,16.46819535303299,-445400227.21935827
798,0.32,0.6197000000000419,6.845181107990861,8.86787002690808,-1006.7829068455255
799,0.52,0.6192000000000419,2.6499051550703587,3.6749531787416756,-14.377612457779227
800,0.44000000000000006,0.618700000000042,5.8455212272679,8.868305239539723,-10107.98470298908
801,0.32,0.618200000000042,5.843631942617165,8.865527774585603,-10073.357878763069
802,0.22000000000000003,0.6177000000000421,79.58793809607089,80.60906120780541,-9.5500946295539e+68
803,0.4800000000000001,0.6172000000000422,3.845695994589805,4.868569926838976,-697.1440038713589
804,0.45999999999999996,0.6167000000000422,9.057720054196322,10.082316464317072,-2811062815898551.0
805,0.36000000000000004,0.6162000000000423,3.445461768333717,4.468210803970609,-275975.6139451551
806,0.26,0.6157000000000423,13.44557253308355,14.468478630703121,-334146767.2346379
807,0.33999999999999997,0.6152000000000424,3.8453343769976995,4.868098584003767,-750167.5235400462
808,0.36,0.6147000000000424,10.051100800735878,12.07672119614495,-11141961.205081979
809,0.4,0.6142000000000425,6.245646798540438,7.268470326815961,-74742.35283075424
810,0.42000000000000004,0.6137000000000425,3.8421072502282465,4.863138404147779,-687.474064122585
811,0.36,0.6132000000000426,5.241657518857041,7.262575229809268,-202.24282883202017
812,0.38,0.6127000000000427,1.0477975622224056,2.0715844283823577,-3.511882201993855
813,0.38,0.6122000000000427,3.8400314232775665,4.860138772521869,-185.3513933073579
814,0.5800000000000001,0.6117000000000428,1.8422022713769857,2.8632553128949616,-91.90142998573853
815,0.26,0.6112000000000428,4.645717783893512,5.6685402117993,-13766.055447625582
816,0.38,0.6107000000000429,7.647302123861815,9.671124504447828,-11139354.862311106
817,0.4,0.6102000000000429,3.4408093612178825,4.460952863939559,-684.5898628659671
818,0.33999999999999997,0.609700000000043,6.250677187585902,9.27606432133327,-75067.1696736377
819,0.2,0.609200000000043,4.248921760832738,5.273960832749891,-293.22315177731514
820,0.45999999999999996,0.6087000000000431,4.843546027176179,6.865871250990098,-1938.8483766475692
821,0.15999999999999998,0.6082000000000432,15.443491251049569,16.465242038977742,-444423180.27222407
822,0.34,0.6077000000000432,7.0524117976910885,8.078693738080393,-113394.88642156345
823,0.36,0.6072000000000433,9.444873825162194,10.46768301280956,-222783478.5067378
824,0.6,0.6067000000000433,3.2459458153613396,5.269116903863585,-4.96021958291628
825,0.32,0.6062000000000434,1.0470326201110078,2.070636470793479,-5.11869937823033
826,0.44000000000000006,0.6057000000000434,1.047250172456197,2.070959343221257,-3.4590833090368234
827,0.48,0.6052000000000435,3.8422444580689863,4.863472344615293,-275830.7550751426
828,0.33999999999999997,0.6047000000000435,9.04190468581847,10.062972039195895,-29997754.35129106
829,0.3,0.6042000000000436,5.644025402177905,7.666012048118842,-2043819.9898988276
830,0.4,0.6037000000000436,7.645317826170276,9.668099227370773,-203021.5429532648
831,0.27999999999999997,0.6032000000000437,2.645510973542525,3.668461382732103,-39.2943717584433
832,0.5,0.6027000000000438,1.0405544862576614,2.0606749429865707,-0.18847329699220286
833,0.25999999999999995,0.6022000000000438,10.64663704479582,11.670264025691752,-45294795.62044351
834,0.22000000000000003,0.6017000000000439,2.841971522328012,4.862957189101951,-105.53830213308811
835,0.28,0.6012000000000439,5.2417416663367,7.262670610875185,-13808.904130228253
836,0.45999999999999996,0.600700000000044,4.6421825178644,5.663357118362481,-2021351.6689604677
837,0.52,0.600200000000044,5.05210936145834,6.078244665746494,-281037.8613266562
838,0.44000000000000006,0.5997000000000441,5.442103355184697,6.463261978251557,-2023527.2664162267
839,0.54,0.5992000000000441,4.645170412170345,5.667958949392643,-15073913.263025802
840,0.43999999999999995,0.5987000000000442,6.445350682637731,8.468498721952738,-40613703.24065746
841,0.32,0.5982000000000443,4.045629061470931,8.068610750342378,-102.83883539341386
842,0.5,0.5977000000000443,1.044693635786333,2.067342854685156,-3.402425104295722
843,0.32,0.5972000000000444,9.04559855144424,10.068509169061901,-222747158.44510955
844,0.32,0.5967000000000444,4.649630592199108,5.674296537241249,-276184.7751103352
845,0.32,0.5962000000000445,4.243898664849021,5.265870632998488,-10075.089869797584
846,0.38,0.5957000000000445,2.449012942668564,4.473551030283962,-9.982980237850969
847,0.48,0.5952000000000446,3.8455836099146787,6.8685042641528185,-93.80112234773206
848,0.34,0.5947000000000446,8.852850315638047,12.879379212180083,-11184386.76330114
849,0.45999999999999996,0.5942000000000447,3.8417858247575944,4.862782724884509,-37351.7155176573
850,0.3,0.5937000000000447,7.445888881143243,8.46882737617961,-557836.6684067185
851,0.48,0.5932000000000448,6.444306441059195,8.46657293116865,-40932717.851509646
852,0.42000000000000004,0.5927000000000449,2.4472412028721555,4.470724220020469,-5.917027491827754
853,0.30000000000000004,0.5922000000000449,11.447165367447687,14.47096236026735,-45335943.504005864
854,0.58,0.591700000000045,3.645541370854724,5.668149844381228,-92.70552590846745
855,0.26,0.591200000000045,2.2493171291271237,3.2739372766819486,-26.001617158006205
856,0.42000000000000004,0.5907000000000451,6.038279155035066,8.05760349237299,-100919.60098366886
857,0.36000000000000004,0.5902000000000451,9.045645987465466,10.068536816993996,-30153361.556799304
858,0.45999999999999996,0.5897000000000452,4.241849001942465,7.262885290695806,-685.8477364892896
859,0.48,0.5892000000000452,3.445584649662989,4.46847527693623,-199.43863576297562
860,0.26,0.5887000000000453,9.04565709682109,10.068676006486367,-30129344.65416959
861,0.36000000000000004,0.5882000000000454,6.842437281406033,8.86352667874797,-202426.51215511202
862,0.18,0.5877000000000454,11.047003365076012,14.070564607825066,-1103919.297494414
863,0.31999999999999995,0.5872000000000455,8.044855329659255,10.067520940917458,-302994.61720630457
864,0.24000000000000005,0.5867000000000455,14.045600645882526,16.068482338548442,-122937703.07391143
865,0.36,0.5862000000000456,4.045689534496058,8.068549549770948,-70.51161759859511
866,0.30000000000000004,0.5857000000000456,5.849354663152784,6.87423539696683,-554937.0316559472
867,0.48,0.5852000000000457,2.84164616524343,4.862599286151881,-6.483778451448042
868,0.44000000000000006,0.5847000000000457,3.2492253534172506,5.273893252380707,-252.59530995912095
869,0.24000000000000005,0.5842000000000458,10.252060875314129,11.27830178514832,-32481731.819699325
870,0.43999999999999995,0.5837000000000458,4.645560608132551,5.668276919218586,-10106.346421100763
871,0.38000000000000006,0.5832000000000459,6.642054928004202,7.6631392306305965,-549729.5583935361
872,0.38,0.582700000000046,1.0529206183597224,2.0794800013444728,-3.526060572466359
873,0.28,0.582200000000046,9.045664181096484,12.068792454343242,-827926.4929757803
874,0.42000000000000004,0.5817000000000461,3.246603448539516,5.270198975626175,-17.59871433956691
875,0.36000000000000004,0.5812000000000461,4.049432229262797,6.074229088027523,-506.94810770361016
876,0.4,0.5807000000000462,7.045574904654683,8.068459346592089,-6007.617074417882
877,0.32,0.5802000000000462,4.245330828050436,5.268165119147891,-202.3081616643194
878,0.1,0.5797000000000463,17.050258578159873,18.075635153161436,-75718174.46583346
879,0.38,0.5792000000000463,3.4492637811090474,4.473889254344333,-186.38657964855165
880,0.3,0.5787000000000464,4.240601865046188,5.260973603248966,-277.21724188522205
881,0.19999999999999998,0.5782000000000465,11.645389912177336,13.6682313124877,-3001584.2456534235
882,0.26,0.5777000000000465,2.0525359934925547,4.078887835318345,-14.216579487301109
883,0.36000000000000004,0.5772000000000466,5.848970733510555,6.873594851076537,-554512.0808359742
884,0.3,0.5767000000000466,8.638459613603233,11.65801575345243,-111392.45284073967
885,0.13999999999999999,0.5762000000000467,2.645581655158188,3.6684832296046985,-50.36463219722266
886,0.34,0.5757000000000467,5.442207314271079,6.463366583938614,-74718.90204690219
887,0.32,0.5752000000000468,10.047015513178703,12.070591625815608,-81893646.28633516
888,0.4,0.5747000000000468,4.04578233878375,6.068856701836511,-348.97603467247296
889,0.26,0.5742000000000469,6.64523397726453,7.667914876682278,-10798.28724761771
890,0.4600000000000001,0.573700000000047,3.4455026532077575,4.468235337713727,-276287.226748583
891,0.24000000000000005,0.573200000000047,8.03678226247778,10.05518839852534,-1488906.4750849279
892,0.13999999999999999,0.5727000000000471,14.245730217853572,17.268625485794786,-60300689.04541508
893,0.45999999999999996,0.5722000000000471,6.649125036955347,7.67376803215419,-276553.2743620041
894,0.26,0.5717000000000472,8.24334881084677,9.265058860669066,-827612.0559060341
895,0.16,0.5712000000000472,10.245385343418608,11.268157226207313,-149450.77072722855
896,0.45999999999999996,0.5707000000000473,8.445832074659766,10.468711748713913,-40994739.38076632
897,0.36000000000000004,0.5702000000000473,5.841904909575204,6.863085944145598,-549460.2564258078
898,0.45999999999999996,0.5697000000000474,2.649747507896115,3.6745631252387967,-13.165885819411944
899,0.31999999999999995,0.5692000000000474,8.245794756435286,9.26860637492035,-30139996.55794271
900,0.33999999999999997,0.5687000000000475,6.242220700121125,7.263260254453909,-15061544.943065394
901,0.5,0.5682000000000476,4.638658221667885,7.658196460325018,-29.539880735269314
902,0.32,0.5677000000000476,4.447998755763035,6.471791133085278,-276302.5110310512
903,0.27999999999999997,0.5672000000000477,11.841841248417499,12.862778763196989,-222783801.88457727
904,0.5,0.5667000000000477,5.84616036427027,6.869084196130899,-15072705.056120858
905,0.38000000000000006,0.5662000000000478,9.85279315472888,10.879240060988895,-223776329.67907685
906,0.32,0.5657000000000478,3.045547035100747,6.068412722894915,-18.704072369320965
907,0.27999999999999997,0.5652000000000479,5.640227895384703,7.660319432093408,-844.7737428128873
908,0.48,0.5647000000000479,3.4455074932824723,4.468392964200376,-254.20796570820698
909,0.5000000000000001,0.564200000000048,3.4494209516398064,4.4745159393060145,-37356.95918602753
910,0.38,0.563700000000048,6.248765877647754,9.273224283430677,-75016.36210998699
911,0.33999999999999997,0.5632000000000481,4.449152034304308,6.473705969728096,-3734.851721977661
912,0.34,0.5627000000000482,8.648901948072227,9.673380176193344,-112308023.03075974
913,0.2,0.5622000000000482,14.249157494829479,15.273784862325092,-60543362.604609236
914,0.36,0.5617000000000483,6.045252318402481,8.068302229415039,-2147.9256088334537
915,0.26,0.5612000000000483,8.24375467648388,9.265638395545922,-4063000.115532837
916,0.42000000000000004,0.5607000000000484,2.2404585048898875,3.2608118933657635,-25.12413902602041
917,0.22000000000000003,0.5602000000000484,7.443443145624428,8.465163430756272,-20173.327949435894
918,0.45999999999999996,0.5597000000000485,5.245469223159854,7.2685946473264,-756514.6733093063
919,0.38,0.5592000000000485,9.047562592750383,10.07136315114457,-4082249.164778989
920,0.18,0.5587000000000486,1.0476036670618587,2.0714448086359725,-6.847024782613883
921,0.19999999999999998,0.5582000000000487,5.447597198516787,8.47132635657597,-2058541.1988218925
922,0.4,0.5577000000000487,3.0416084545411346,4.062579276537261,-25.282638643993344
923,0.28,0.5572000000000488,10.44307779167163,12.464777293967561,-16614704.78067185
924,0.48,0.5567000000000488,4.642132621598871,5.66329291601771,-2024886.20360997
925,0.34,0.5562000000000489,8.239820285745726,9.259908703825568,-287172.63017020264
926,0.36,0.5557000000000489,11.848999830874144,12.87362314002973,-336090140.12657046
927,0.30000000000000004,0.555200000000049,1.8452006517177921,2.86785374813005,-4.327460139666909
928,0.26,0.554700000000049,5.845280875472477,6.868524575937161,-529.9659822802668
929,0.13999999999999999,0.5542000000000491,4.049125975888597,6.073825553929303,-141.48539408307434
930,0.34,0.5537000000000492,3.4455492793467997,4.468392715446788,-277.79430565333
931,0.13999999999999999,0.5532000000000492,12.647351928511451,13.671150206975938,-1111740.2190108385
932,0.26,0.5527000000000493,9.04553951733225,10.068395905890348,-112071.47439893405
933,0.42000000000000004,0.5522000000000493,2.0419671231818537,4.063027574877657,-4.948688019790501
934,0.4,0.5517000000000494,4.852722111590726,6.8791262417614805,-101586.91112464896
935,0.33999999999999997,0.5512000000000494,5.845231352951911,6.867954524443753,-15165.48995764835
936,0.26000000000000006,0.5507000000000495,3.6456163909434602,5.66847369025015,-102.67692415678493
937,0.4,0.5502000000000495,3.041907211503652,4.062990279714299,-39.030968088914854
938,0.25999999999999995,0.5497000000000496,8.444282184282546,10.466340937872271,-11035477.60667549
939,0.3,0.5492000000000496,9.450487460047906,12.476121094581988,-830676.1816122738
940,0.28,0.5487000000000497,5.245404208348051,9.268177661971492,-756.765240699219
941,0.26000000000000006,0.5482000000000498,10.24380726200937,11.265867140763172,-6099187.989489031
942,0.21999999999999997,0.5477000000000498,10.442046046545773,12.463188064643836,-404412.7945563661
943,0.27999999999999997,0.5472000000000499,1.0474323807609935,2.0710824617254544,-5.129637410952436
944,0.44000000000000006,0.5467000000000499,1.0386448181290318,2.057914975098413,-3.4488462797610167
945,0.34,0.54620000000005,9.445671659511572,10.468565992362254,-6119960.774244145
946,0.1,0.54570000000005,5.0505498657823855,8.075991771788043,-465.35696320879345
947,0.45999999999999996,0.5452000000000501,7.249305965895009,11.273993313575081,-5548141.666119984
948,0.38,0.5447000000000501,6.042312189461798,8.06343921887078,-5550621.907518985
949,0.18,0.5442000000000502,4.250495135385867,5.275946751684157,-372.6555258375705
950,0.6,0.5437000000000503,1.045417115487141,2.0681879831722325,-0.06955525255926495
951,0.34,0.5432000000000503,6.045443234664331,8.068207699104814,-3814.289453820711
952,0.44000000000000006,0.5427000000000504,6.2421026844323135,9.263305432448368,-74718.12085680291
953,0.44000000000000006,0.5422000000000504,4.845319006589307,6.868022430933635,-1865.1564140738726
954,0.24000000000000005,0.5417000000000505,11.04562368925701,12.068667568055753,-45213037.65120196
955,0.38,0.5412000000000505,1.8455060337155413,2.868402893235576,-14.858136282336599
956,0.42000000000000004,0.5407000000000506,3.843926908706809,4.8661076749975845,-2021113.398296543
957,0.15999999999999998,0.5402000000000506,1.4423492608019912,2.463468232563926,-17.679438738052887
958,0.26,0.5397000000000507,4.049305247363262,6.07396129056592,-107.29510953510007
959,0.32,0.5392000000000507,5.845548713495363,6.868376198101513,-15163.722830548786
960,0.33999999999999997,0.5387000000000508,3.0502967345434135,4.075644387529405,-186.75294051066606
961,0.34,0.5382000000000509,7.446519629934265,8.47003725033126,-75104.74281658101
962,0.26,0.5377000000000509,5.645657970038249,9.668529567106434,-760.6209516730959
963,0.48,0.537200000000051,2.6420813529866196,3.6630637258921395,-14.78324571310174
964,0.45999999999999996,0.536700000000051,4.243783834561112,5.265903398302809,-278786.76296279224
965,0.42000000000000004,0.5362000000000511,5.441986283064311,6.463203930491628,-2039402.2170080482
966,0.3,0.5357000000000511,2.64901369395379,3.673621918444944,-1878.004118807384
967,0.32,0.5352000000000512,7.045366243475823,8.068090605199453,-15166.399590329622
968,0.32,0.5347000000000512,7.440741487049051,8.461256357841558,-4045903.091098933
969,0.42000000000000004,0.5342000000000513,5.845339887233846,6.868162762656992,-10113.46969919567
970,0.5,0.5337000000000514,6.04535002271493,8.06810186040721,-749757.3700938624
971,0.52,0.5332000000000514,1.4423971464379999,2.4635984847918535,-12.496971970404257
972,0.1,0.5327000000000515,3.045731935487811,4.068731865953863,-62.675886764322016
973,0.38,0.5322000000000515,5.44189076939554,8.462870773299901,-1454.773754266437
974,0.34,0.5317000000000516,12.245604411396744,13.268505856308384,-45492234.64372583
975,0.5,0.5312000000000516,1.8457437417767764,2.8688670030266863,-1.8540948327241176
976,0.38000000000000006,0.5307000000000517,1.8454797415070285,2.868441375339722,-25.103435599952263
977,0.3,0.5302000000000517,1.0459055273812292,2.0688660301884108,-3.5960075647827168
978,0.24000000000000005,0.5297000000000518,15.445193711263045,16.467921164373003,-446301015.40052
979,0.26000000000000006,0.5292000000000519,13.836731167380464,14.855164687561182,-59772537.208000205
980,0.15999999999999998,0.5287000000000519,10.646842209606055,11.670537478260439,-1105070.0112249544
981,0.42000000000000004,0.528200000000052,3.843764805857478,4.865766167981889,-273541.62241105543
982,0.41999999999999993,0.527700000000052,2.245945600691711,3.269104736826617,-25.307139493039035
983,0.36,0.5272000000000521,4.4454604509331475,6.468370457835559,-135.88278788608037
984,0.32,0.5267000000000521,3.6453885845067604,5.6681759101787215,-505.14498373748273
985,0.25999999999999995,0.5262000000000522,12.64226644884349,13.6632887953181,-6088637.624636146
986,0.5,0.5257000000000522,3.4455068041210253,4.468396850116633,-275988.809598272
987,0.18,0.5252000000000523,14.244133956648122,17.26610578553409,-60308104.98465784
988,0.43999999999999995,0.5247000000000523,3.4422177533369536,4.463373005939609,-106.87736789679357
989,0.5,0.5242000000000524,4.838566296432892,6.85790558004832,-1846.6476540207555
990,0.32000000000000006,0.5237000000000525,5.842355829361784,6.8634776192994735,-552489.5294315185
991,0.38000000000000006,0.5232000000000525,7.845428140742904,10.868189161271248,-4079517.6017674906
992,0.32,0.5227000000000526,4.241966102879826,5.263016553963638,-10071.661856751514
993,0.18,0.5222000000000526,4.248767692821002,5.2734969675605985,-371.9914245397339
994,0.16,0.5217000000000527,7.643808182921769,9.66590610389092,-40937354.368207656
995,0.4,0.5212000000000527,7.040339463983384,10.060544080770327,-280951.41171249386
996,0.4600000000000001,0.5207000000000528,3.0455677004055746,4.068394841711328,-37356.6107459991
997,0.24,0.5202000000000528,7.445271613562437,10.468038366965683,-15177.734606076574
998,0.26000000000000006,0.5197000000000529,5.449440805268307,6.474117841978614,-74752.12562742647
999,0.2,0.519200000000053,2.0439745211460973,4.0659822137963575,-14.679371728508821
