id,type,app,module,message,DES.src,DES.dst,TOPO.src,TOPO.dst,module.src,service,time_in,time_out,time_emit,time_reception
2,COMP_M,SimpleCase,ServiceA,M.A,1,9,1,6,Sensor,0.008238022874510118,17.0005,17.00873802287451,10.0,17.0005
1,COMP_M,SimpleCase,ServiceA,M.A,0,8,0,5,Sensor,0.008238022874510118,18.000500000000006,18.008738022874514,10.0,18.000500000000006
4,COMP_M,SimpleCase,ServiceA,M.A,3,9,3,6,Sensor,0.008238022874510118,18.000500000000006,18.008738022874514,10.0,18.000500000000006
3,COMP_M,SimpleCase,ServiceA,M.A,2,10,2,7,Sensor,0.008238022874510118,19.0005,19.008738022874514,10.0,19.0005
3,SINK_M,SimpleCase,Actuator,M.B,10,4,7,4,ServiceA,0.0,22.009488022874518,22.009488022874518,19.008738022874514,22.009488022874518
1,SINK_M,SimpleCase,Actuator,M.B,8,4,5,4,ServiceA,0.0,23.009488022874518,23.009488022874518,18.008738022874514,23.009488022874518
2,SINK_M,SimpleCase,Actuator,M.B,9,4,6,4,ServiceA,0.0,25.009488022874514,25.009488022874514,17.00873802287451,25.009488022874514
6,COMP_M,SimpleCase,ServiceA,M.A,1,9,1,6,Sensor,0.008238022874510118,27.0005,27.008738022874514,20.0,27.0005
5,COMP_M,SimpleCase,ServiceA,M.A,0,8,0,5,Sensor,0.008238022874510118,28.0005,28.008738022874518,20.0,28.0005
8,COMP_M,SimpleCase,ServiceA,M.A,3,9,3,6,Sensor,0.008238022874510118,28.0005,28.008738022874518,20.0,28.0005
7,COMP_M,SimpleCase,ServiceA,M.A,2,10,2,7,Sensor,0.008238022874510118,29.0005,29.008738022874518,20.0,29.0005
7,SINK_M,SimpleCase,Actuator,M.B,10,4,7,4,ServiceA,0.0,32.009488022874514,32.009488022874514,29.008738022874518,32.009488022874514
5,SINK_M,SimpleCase,Actuator,M.B,8,4,5,4,ServiceA,0.0,33.009488022874514,33.009488022874514,28.008738022874518,33.009488022874514
4,SINK_M,SimpleCase,Actuator,M.B,9,4,6,4,ServiceA,0.0,33.01023802287451,33.01023802287451,18.008738022874514,33.01023802287451
10,COMP_M,SimpleCase,ServiceA,M.A,1,9,1,6,Sensor,0.008238022874510118,37.0005,37.00873802287451,30.0,37.0005
9,COMP_M,SimpleCase,ServiceA,M.A,0,8,0,5,Sensor,0.008238022874510118,38.0002,38.00843802287451,30.0,38.0002
12,COMP_M,SimpleCase,ServiceA,M.A,3,9,3,6,Sensor,0.008238022874510118,38.0005,38.00873802287451,30.0,38.0005
11,COMP_M,SimpleCase,ServiceA,M.A,2,10,2,7,Sensor,0.008238022874510118,39.0005,39.00873802287451,30.0,39.0005
6,SINK_M,SimpleCase,Actuator,M.B,9,4,6,4,ServiceA,0.0,41.01098802287451,41.01098802287451,27.008738022874514,41.01098802287451
11,SINK_M,SimpleCase,Actuator,M.B,10,4,7,4,ServiceA,0.0,42.00948802287451,42.00948802287451,39.00873802287451,42.00948802287451
9,SINK_M,SimpleCase,Actuator,M.B,8,4,5,4,ServiceA,0.0,43.00918802287451,43.00918802287451,38.00843802287451,43.00918802287451
14,COMP_M,SimpleCase,ServiceA,M.A,1,9,1,6,Sensor,3.8280455022794513,47.00045,50.82849550227945,40.0,47.00045
13,COMP_M,SimpleCase,ServiceA,M.A,0,8,0,5,Sensor,3.8280455022794513,48.00018,51.82822550227945,40.0,48.00018
15,COMP_M,SimpleCase,ServiceA,M.A,2,10,2,7,Sensor,3.8280455022794513,49.00045,52.82849550227945,40.0,49.00045
8,SINK_M,SimpleCase,Actuator,M.B,9,4,6,4,ServiceA,0.0,49.01173802287451,49.01173802287451,28.008738022874518,49.01173802287451
16,COMP_M,SimpleCase,ServiceA,M.A,3,9,3,6,Sensor,3.8280455022794513,50.82849550227945,54.656541004558896,40.0,48.00045
19,COMP_M,SimpleCase,ServiceA,M.A,2,9,2,6,Sensor,3.8280455022794513,54.656541004558896,58.48458650683836,50.0,51.00045
15,SINK_M,SimpleCase,Actuator,M.B,10,4,7,4,ServiceA,0.0,55.829245502279456,55.829245502279456,52.82849550227945,55.829245502279456
13,SINK_M,SimpleCase,Actuator,M.B,8,4,5,4,ServiceA,0.0,56.828975502279455,56.828975502279455,51.82822550227945,56.828975502279455
10,SINK_M,SimpleCase,Actuator,M.B,9,4,6,4,ServiceA,0.0,57.01248802287451,57.01248802287451,37.00873802287451,57.01248802287451
17,COMP_M,SimpleCase,ServiceA,M.A,0,8,0,5,Sensor,3.8280455022794513,58.00018000000001,61.82822550227945,50.0,58.00018000000001
18,COMP_M,SimpleCase,ServiceA,M.A,1,10,1,7,Sensor,3.8280455022794513,58.00045,61.82849550227945,50.0,58.00045
23,COMP_M,SimpleCase,ServiceA,M.A,2,9,2,6,Sensor,3.8280455022794513,61.00012857142857,64.82817407370803,60.0,61.00012857142857
18,SINK_M,SimpleCase,Actuator,M.B,10,4,7,4,ServiceA,0.0,64.82924550227945,64.82924550227945,61.82849550227945,64.82924550227945
12,SINK_M,SimpleCase,Actuator,M.B,9,4,6,4,ServiceA,0.0,65.0132380228745,65.0132380228745,38.00873802287451,65.0132380228745
17,SINK_M,SimpleCase,Actuator,M.B,8,4,5,4,ServiceA,0.0,66.82897550227945,66.82897550227945,61.82822550227945,66.82897550227945
24,COMP_M,SimpleCase,ServiceA,M.A,3,9,3,6,Sensor,3.8280455022794513,68.00012857142858,71.82817407370803,60.0,68.00012857142858
21,COMP_M,SimpleCase,ServiceA,M.A,0,8,0,5,Sensor,3.8280455022794513,68.00018,71.82822550227945,60.0,68.00018
22,COMP_M,SimpleCase,ServiceA,M.A,1,10,1,7,Sensor,3.8280455022794513,68.00018,71.82822550227945,60.0,68.00018
27,COMP_M,SimpleCase,ServiceA,M.A,2,9,2,6,Sensor,4.7852284971606815,71.82817407370803,76.6134025708687,70.0,71.00015714285716
14,SINK_M,SimpleCase,Actuator,M.B,9,4,6,4,ServiceA,0.0,73.0139880228745,73.0139880228745,50.82849550227945,73.0139880228745
22,SINK_M,SimpleCase,Actuator,M.B,10,4,7,4,ServiceA,0.0,74.82897550227945,74.82897550227945,71.82822550227945,74.82897550227945
21,SINK_M,SimpleCase,Actuator,M.B,8,4,5,4,ServiceA,0.0,76.82897550227945,76.82897550227945,71.82822550227945,76.82897550227945
28,COMP_M,SimpleCase,ServiceA,M.A,3,9,3,6,Sensor,4.7852284971606815,78.00015714285716,82.78538564001785,70.0,78.00015714285716
25,COMP_M,SimpleCase,ServiceA,M.A,0,8,0,5,Sensor,4.7852284971606815,78.00022,82.78544849716069,70.0,78.00022
26,COMP_M,SimpleCase,ServiceA,M.A,1,10,1,7,Sensor,4.7852284971606815,78.00022,82.78544849716069,70.0,78.00022
16,SINK_M,SimpleCase,Actuator,M.B,9,4,6,4,ServiceA,0.0,81.0147380228745,81.0147380228745,54.656541004558896,81.0147380228745
31,COMP_M,SimpleCase,ServiceA,M.A,2,9,2,6,Sensor,4.7852284971606815,82.78538564001785,87.57061413717851,80.0,81.00015714285716
26,SINK_M,SimpleCase,Actuator,M.B,10,4,7,4,ServiceA,0.0,85.7861984971607,85.7861984971607,82.78544849716069,85.7861984971607
25,SINK_M,SimpleCase,Actuator,M.B,8,4,5,4,ServiceA,0.0,87.78619849716068,87.78619849716068,82.78544849716069,87.78619849716068
32,COMP_M,SimpleCase,ServiceA,M.A,3,9,3,6,Sensor,4.7852284971606815,88.00015714285715,92.78538564001785,80.0,88.00015714285715
29,COMP_M,SimpleCase,ServiceA,M.A,0,8,0,5,Sensor,4.7852284971606815,88.00022,92.78544849716069,80.0,88.00022
30,COMP_M,SimpleCase,ServiceA,M.A,1,10,1,7,Sensor,4.7852284971606815,88.00022,92.78544849716069,80.0,88.00022
19,SINK_M,SimpleCase,Actuator,M.B,9,4,6,4,ServiceA,0.0,89.01548802287451,89.01548802287451,58.48458650683836,89.01548802287451
35,COMP_M,SimpleCase,ServiceA,M.A,2,9,2,6,Sensor,4.7852284971606815,92.78538564001785,97.57061413717851,90.0,91.00022
30,SINK_M,SimpleCase,Actuator,M.B,10,4,7,4,ServiceA,0.0,95.78619849716068,95.78619849716068,92.78544849716069,95.78619849716068
20,SINK_M,SimpleCase,Actuator,M.B,9,4,6,4,ServiceA,0.0,97.01623802287449,97.01623802287449,58.48458650683836,97.01623802287449
29,SINK_M,SimpleCase,Actuator,M.B,8,4,5,4,ServiceA,0.0,97.78619849716068,97.78619849716068,92.78544849716069,97.78619849716068
33,COMP_M,SimpleCase,ServiceA,M.A,0,8,0,5,Sensor,4.7852284971606815,98.00015714285715,102.78538564001785,90.0,98.00015714285715
36,COMP_M,SimpleCase,ServiceA,M.A,3,9,3,6,Sensor,4.7852284971606815,98.00022,102.78544849716069,90.0,98.00022
34,COMP_M,SimpleCase,ServiceA,M.A,1,10,1,7,Sensor,4.7852284971606815,98.00055,102.78577849716068,90.0,98.00055
2,COMP_M,SimpleCase,ServiceA,M.A,1,9,1,6,Sensor,0.008238022874510118,117.0005,117.00873802287451,110.0,117.0005
1,COMP_M,SimpleCase,ServiceA,M.A,0,8,0,5,Sensor,0.008238022874510118,118.0005,118.00873802287451,110.0,118.0005
4,COMP_M,SimpleCase,ServiceA,M.A,3,9,3,6,Sensor,0.008238022874510118,118.0005,118.00873802287451,110.0,118.0005
3,COMP_M,SimpleCase,ServiceA,M.A,2,10,2,7,Sensor,0.008238022874510118,119.0005,119.00873802287451,110.0,119.0005
3,SINK_M,SimpleCase,Actuator,M.B,10,4,7,4,ServiceA,0.0,122.0094880228745,122.0094880228745,119.00873802287451,122.0094880228745
1,SINK_M,SimpleCase,Actuator,M.B,8,4,5,4,ServiceA,0.0,123.0094880228745,123.0094880228745,118.00873802287451,123.0094880228745
2,SINK_M,SimpleCase,Actuator,M.B,9,4,6,4,ServiceA,0.0,125.0094880228745,125.0094880228745,117.00873802287451,125.0094880228745
6,COMP_M,SimpleCase,ServiceA,M.A,1,9,1,6,Sensor,0.008238022874510118,127.0005,127.00873802287451,120.0,127.0005
5,COMP_M,SimpleCase,ServiceA,M.A,0,8,0,5,Sensor,0.008238022874510118,128.0005,128.0087380228745,120.0,128.0005
8,COMP_M,SimpleCase,ServiceA,M.A,3,9,3,6,Sensor,0.008238022874510118,128.0005,128.0087380228745,120.0,128.0005
7,COMP_M,SimpleCase,ServiceA,M.A,2,10,2,7,Sensor,0.008238022874510118,129.0005,129.0087380228745,120.0,129.0005
7,SINK_M,SimpleCase,Actuator,M.B,10,4,7,4,ServiceA,0.0,132.0094880228745,132.0094880228745,129.0087380228745,132.0094880228745
5,SINK_M,SimpleCase,Actuator,M.B,8,4,5,4,ServiceA,0.0,133.0094880228745,133.0094880228745,128.0087380228745,133.0094880228745
4,SINK_M,SimpleCase,Actuator,M.B,9,4,6,4,ServiceA,0.0,133.01023802287452,133.01023802287452,118.00873802287451,133.01023802287452
10,COMP_M,SimpleCase,ServiceA,M.A,1,9,1,6,Sensor,0.008238022874510118,137.0005,137.0087380228745,130.0,137.0005
9,COMP_M,SimpleCase,ServiceA,M.A,0,8,0,5,Sensor,0.008238022874510118,138.0002,138.00843802287451,130.0,138.0002
12,COMP_M,SimpleCase,ServiceA,M.A,3,9,3,6,Sensor,0.008238022874510118,138.0005,138.0087380228745,130.0,138.0005
11,COMP_M,SimpleCase,ServiceA,M.A,2,10,2,7,Sensor,0.008238022874510118,139.0005,139.0087380228745,130.0,139.0005
6,SINK_M,SimpleCase,Actuator,M.B,9,4,6,4,ServiceA,0.0,141.01098802287453,141.01098802287453,127.00873802287451,141.01098802287453
11,SINK_M,SimpleCase,Actuator,M.B,10,4,7,4,ServiceA,0.0,142.0094880228745,142.0094880228745,139.0087380228745,142.0094880228745
9,SINK_M,SimpleCase,Actuator,M.B,8,4,5,4,ServiceA,0.0,143.00918802287453,143.00918802287453,138.00843802287451,143.00918802287453
14,COMP_M,SimpleCase,ServiceA,M.A,1,9,1,6,Sensor,3.8280455022794513,147.00045,150.82849550227942,140.0,147.00045
13,COMP_M,SimpleCase,ServiceA,M.A,0,8,0,5,Sensor,3.8280455022794513,148.00018,151.82822550227942,140.0,148.00018
15,COMP_M,SimpleCase,ServiceA,M.A,2,10,2,7,Sensor,3.8280455022794513,149.00045,152.82849550227942,140.0,149.00045
8,SINK_M,SimpleCase,Actuator,M.B,9,4,6,4,ServiceA,0.0,149.0117380228745,149.0117380228745,128.0087380228745,149.0117380228745
16,COMP_M,SimpleCase,ServiceA,M.A,3,9,3,6,Sensor,3.8280455022794513,150.82849550227942,154.6565410045589,140.0,148.00045
19,COMP_M,SimpleCase,ServiceA,M.A,2,9,2,6,Sensor,3.8280455022794513,154.6565410045589,158.48458650683838,150.0,151.00045
15,SINK_M,SimpleCase,Actuator,M.B,10,4,7,4,ServiceA,0.0,155.82924550227943,155.82924550227943,152.82849550227942,155.82924550227943
13,SINK_M,SimpleCase,Actuator,M.B,8,4,5,4,ServiceA,0.0,156.82897550227943,156.82897550227943,151.82822550227942,156.82897550227943
10,SINK_M,SimpleCase,Actuator,M.B,9,4,6,4,ServiceA,0.0,157.01248802287452,157.01248802287452,137.0087380228745,157.01248802287452
17,COMP_M,SimpleCase,ServiceA,M.A,0,8,0,5,Sensor,3.8280455022794513,158.00018,161.82822550227942,150.0,158.00018
18,COMP_M,SimpleCase,ServiceA,M.A,1,10,1,7,Sensor,3.8280455022794513,158.00045,161.82849550227942,150.0,158.00045
23,COMP_M,SimpleCase,ServiceA,M.A,2,9,2,6,Sensor,3.8280455022794513,161.00012857142858,164.82817407370803,160.0,161.00012857142858
18,SINK_M,SimpleCase,Actuator,M.B,10,4,7,4,ServiceA,0.0,164.82924550227943,164.82924550227943,161.82849550227942,164.82924550227943
12,SINK_M,SimpleCase,Actuator,M.B,9,4,6,4,ServiceA,0.0,165.0132380228745,165.0132380228745,138.0087380228745,165.0132380228745
17,SINK_M,SimpleCase,Actuator,M.B,8,4,5,4,ServiceA,0.0,166.82897550227943,166.82897550227943,161.82822550227942,166.82897550227943
24,COMP_M,SimpleCase,ServiceA,M.A,3,9,3,6,Sensor,3.8280455022794513,168.00012857142858,171.82817407370803,160.0,168.00012857142858
21,COMP_M,SimpleCase,ServiceA,M.A,0,8,0,5,Sensor,3.8280455022794513,168.00018,171.82822550227942,160.0,168.00018
22,COMP_M,SimpleCase,ServiceA,M.A,1,10,1,7,Sensor,3.8280455022794513,168.00018,171.82822550227942,160.0,168.00018
27,COMP_M,SimpleCase,ServiceA,M.A,2,9,2,6,Sensor,4.7852284971606815,171.82817407370803,176.61340257086871,170.0,171.00015714285715
14,SINK_M,SimpleCase,Actuator,M.B,9,4,6,4,ServiceA,0.0,173.01398802287449,173.01398802287449,150.82849550227942,173.01398802287449
22,SINK_M,SimpleCase,Actuator,M.B,10,4,7,4,ServiceA,0.0,174.82897550227943,174.82897550227943,171.82822550227942,174.82897550227943
21,SINK_M,SimpleCase,Actuator,M.B,8,4,5,4,ServiceA,0.0,176.82897550227943,176.82897550227943,171.82822550227942,176.82897550227943
28,COMP_M,SimpleCase,ServiceA,M.A,3,9,3,6,Sensor,4.7852284971606815,178.00015714285718,182.78538564001786,170.0,178.00015714285718
25,COMP_M,SimpleCase,ServiceA,M.A,0,8,0,5,Sensor,4.7852284971606815,178.00021999999998,182.78544849716067,170.0,178.00021999999998
26,COMP_M,SimpleCase,ServiceA,M.A,1,10,1,7,Sensor,4.7852284971606815,178.00021999999998,182.78544849716067,170.0,178.00021999999998
16,SINK_M,SimpleCase,Actuator,M.B,9,4,6,4,ServiceA,0.0,181.0147380228745,181.0147380228745,154.6565410045589,181.0147380228745
31,COMP_M,SimpleCase,ServiceA,M.A,2,9,2,6,Sensor,4.7852284971606815,182.78538564001786,187.57061413717847,180.0,181.00015714285718
26,SINK_M,SimpleCase,Actuator,M.B,10,4,7,4,ServiceA,0.0,185.78619849716068,185.78619849716068,182.78544849716067,185.78619849716068
25,SINK_M,SimpleCase,Actuator,M.B,8,4,5,4,ServiceA,0.0,187.78619849716068,187.78619849716068,182.78544849716067,187.78619849716068
32,COMP_M,SimpleCase,ServiceA,M.A,3,9,3,6,Sensor,4.7852284971606815,188.00015714285718,192.78538564001786,180.0,188.00015714285718
29,COMP_M,SimpleCase,ServiceA,M.A,0,8,0,5,Sensor,4.7852284971606815,188.00021999999998,192.78544849716067,180.0,188.00021999999998
30,COMP_M,SimpleCase,ServiceA,M.A,1,10,1,7,Sensor,4.7852284971606815,188.00021999999998,192.78544849716067,180.0,188.00021999999998
19,SINK_M,SimpleCase,Actuator,M.B,9,4,6,4,ServiceA,0.0,189.01548802287445,189.01548802287445,158.48458650683838,189.01548802287445
35,COMP_M,SimpleCase,ServiceA,M.A,2,9,2,6,Sensor,4.7852284971606815,192.78538564001786,197.57061413717847,190.0,191.00021999999998
30,SINK_M,SimpleCase,Actuator,M.B,10,4,7,4,ServiceA,0.0,195.78619849716068,195.78619849716068,192.78544849716067,195.78619849716068
20,SINK_M,SimpleCase,Actuator,M.B,9,4,6,4,ServiceA,0.0,197.0162380228745,197.0162380228745,158.48458650683838,197.0162380228745
29,SINK_M,SimpleCase,Actuator,M.B,8,4,5,4,ServiceA,0.0,197.78619849716068,197.78619849716068,192.78544849716067,197.78619849716068
33,COMP_M,SimpleCase,ServiceA,M.A,0,8,0,5,Sensor,4.7852284971606815,198.00015714285718,202.78538564001786,190.0,198.00015714285718
36,COMP_M,SimpleCase,ServiceA,M.A,3,9,3,6,Sensor,4.7852284971606815,198.00021999999998,202.78544849716067,190.0,198.00021999999998
34,COMP_M,SimpleCase,ServiceA,M.A,1,10,1,7,Sensor,4.7852284971606815,198.00055,202.7857784971607,190.0,198.00055
2,COMP_M,SimpleCase,ServiceA,M.A,1,9,1,6,Sensor,0.008238022874510118,217.0005,217.00873802287444,210.0,217.0005
1,COMP_M,SimpleCase,ServiceA,M.A,0,8,0,5,Sensor,0.008238022874510118,218.0005,218.00873802287444,210.0,218.0005
4,COMP_M,SimpleCase,ServiceA,M.A,3,9,3,6,Sensor,0.008238022874510118,218.0005,218.00873802287444,210.0,218.0005
3,COMP_M,SimpleCase,ServiceA,M.A,2,10,2,7,Sensor,0.008238022874510118,219.0005,219.00873802287444,210.0,219.0005
3,SINK_M,SimpleCase,Actuator,M.B,10,4,7,4,ServiceA,0.0,222.00948802287448,222.00948802287448,219.00873802287444,222.00948802287448
1,SINK_M,SimpleCase,Actuator,M.B,8,4,5,4,ServiceA,0.0,223.00948802287448,223.00948802287448,218.00873802287444,223.00948802287448
2,SINK_M,SimpleCase,Actuator,M.B,9,4,6,4,ServiceA,0.0,225.00948802287448,225.00948802287448,217.00873802287444,225.00948802287448
6,COMP_M,SimpleCase,ServiceA,M.A,1,9,1,6,Sensor,0.008238022874510118,227.0005,227.00873802287444,220.0,227.0005
5,COMP_M,SimpleCase,ServiceA,M.A,0,8,0,5,Sensor,0.008238022874510118,228.0005,228.00873802287444,220.0,228.0005
8,COMP_M,SimpleCase,ServiceA,M.A,3,9,3,6,Sensor,0.008238022874510118,228.0005,228.00873802287444,220.0,228.0005
7,COMP_M,SimpleCase,ServiceA,M.A,2,10,2,7,Sensor,0.008238022874510118,229.0005,229.00873802287444,220.0,229.0005
7,SINK_M,SimpleCase,Actuator,M.B,10,4,7,4,ServiceA,0.0,232.00948802287448,232.00948802287448,229.00873802287444,232.00948802287448
5,SINK_M,SimpleCase,Actuator,M.B,8,4,5,4,ServiceA,0.0,233.00948802287448,233.00948802287448,228.00873802287444,233.00948802287448
4,SINK_M,SimpleCase,Actuator,M.B,9,4,6,4,ServiceA,0.0,233.01023802287446,233.01023802287446,218.00873802287444,233.01023802287446
10,COMP_M,SimpleCase,ServiceA,M.A,1,9,1,6,Sensor,0.008238022874510118,237.0005,237.00873802287444,230.0,237.0005
9,COMP_M,SimpleCase,ServiceA,M.A,0,8,0,5,Sensor,0.008238022874510118,238.0002,238.00843802287446,230.0,238.0002
12,COMP_M,SimpleCase,ServiceA,M.A,3,9,3,6,Sensor,0.008238022874510118,238.0005,238.00873802287444,230.0,238.0005
11,COMP_M,SimpleCase,ServiceA,M.A,2,10,2,7,Sensor,0.008238022874510118,239.0005,239.00873802287444,230.0,239.0005
6,SINK_M,SimpleCase,Actuator,M.B,9,4,6,4,ServiceA,0.0,241.01098802287453,241.01098802287453,227.00873802287444,241.01098802287453
11,SINK_M,SimpleCase,Actuator,M.B,10,4,7,4,ServiceA,0.0,242.00948802287448,242.00948802287448,239.00873802287444,242.00948802287448
9,SINK_M,SimpleCase,Actuator,M.B,8,4,5,4,ServiceA,0.0,243.00918802287453,243.00918802287453,238.00843802287446,243.00918802287453
14,COMP_M,SimpleCase,ServiceA,M.A,1,9,1,6,Sensor,3.8280455022794513,247.00045,250.82849550227942,240.0,247.00045
13,COMP_M,SimpleCase,ServiceA,M.A,0,8,0,5,Sensor,3.8280455022794513,248.00017999999997,251.82822550227942,240.0,248.00017999999997
15,COMP_M,SimpleCase,ServiceA,M.A,2,10,2,7,Sensor,3.8280455022794513,249.00045,252.82849550227942,240.0,249.00045
8,SINK_M,SimpleCase,Actuator,M.B,9,4,6,4,ServiceA,0.0,249.01173802287448,249.01173802287448,228.00873802287444,249.01173802287448
16,COMP_M,SimpleCase,ServiceA,M.A,3,9,3,6,Sensor,3.8280455022794513,250.82849550227942,254.6565410045589,240.0,248.00045
19,COMP_M,SimpleCase,ServiceA,M.A,2,9,2,6,Sensor,3.8280455022794513,254.6565410045589,258.48458650683835,250.0,251.00045
15,SINK_M,SimpleCase,Actuator,M.B,10,4,7,4,ServiceA,0.0,255.82924550227943,255.82924550227943,252.82849550227942,255.82924550227943
13,SINK_M,SimpleCase,Actuator,M.B,8,4,5,4,ServiceA,0.0,256.82897550227943,256.82897550227943,251.82822550227942,256.82897550227943
10,SINK_M,SimpleCase,Actuator,M.B,9,4,6,4,ServiceA,0.0,257.0124880228745,257.0124880228745,237.00873802287444,257.0124880228745
17,COMP_M,SimpleCase,ServiceA,M.A,0,8,0,5,Sensor,3.8280455022794513,258.00018,261.82822550227945,250.0,258.00018
18,COMP_M,SimpleCase,ServiceA,M.A,1,10,1,7,Sensor,3.8280455022794513,258.00045,261.82849550227945,250.0,258.00045
23,COMP_M,SimpleCase,ServiceA,M.A,2,9,2,6,Sensor,3.8280455022794513,261.00012857142855,264.82817407370806,260.0,261.00012857142855
18,SINK_M,SimpleCase,Actuator,M.B,10,4,7,4,ServiceA,0.0,264.82924550227943,264.82924550227943,261.82849550227945,264.82924550227943
12,SINK_M,SimpleCase,Actuator,M.B,9,4,6,4,ServiceA,0.0,265.0132380228745,265.0132380228745,238.00873802287444,265.0132380228745
17,SINK_M,SimpleCase,Actuator,M.B,8,4,5,4,ServiceA,0.0,266.82897550227943,266.82897550227943,261.82822550227945,266.82897550227943
24,COMP_M,SimpleCase,ServiceA,M.A,3,9,3,6,Sensor,3.8280455022794513,268.0001285714286,271.82817407370806,260.0,268.0001285714286
21,COMP_M,SimpleCase,ServiceA,M.A,0,8,0,5,Sensor,3.8280455022794513,268.00018,271.82822550227945,260.0,268.00018
22,COMP_M,SimpleCase,ServiceA,M.A,1,10,1,7,Sensor,3.8280455022794513,268.00018,271.82822550227945,260.0,268.00018
27,COMP_M,SimpleCase,ServiceA,M.A,2,9,2,6,Sensor,4.7852284971606815,271.82817407370806,276.61340257086874,270.0,271.0001571428571
14,SINK_M,SimpleCase,Actuator,M.B,9,4,6,4,ServiceA,0.0,273.0139880228745,273.0139880228745,250.82849550227942,273.0139880228745
22,SINK_M,SimpleCase,Actuator,M.B,10,4,7,4,ServiceA,0.0,274.82897550227943,274.82897550227943,271.82822550227945,274.82897550227943
21,SINK_M,SimpleCase,Actuator,M.B,8,4,5,4,ServiceA,0.0,276.82897550227943,276.82897550227943,271.82822550227945,276.82897550227943
28,COMP_M,SimpleCase,ServiceA,M.A,3,9,3,6,Sensor,4.7852284971606815,278.0001571428571,282.7853856400178,270.0,278.0001571428571
25,COMP_M,SimpleCase,ServiceA,M.A,0,8,0,5,Sensor,4.7852284971606815,278.00022,282.7854484971607,270.0,278.00022
26,COMP_M,SimpleCase,ServiceA,M.A,1,10,1,7,Sensor,4.7852284971606815,278.00022,282.7854484971607,270.0,278.00022
16,SINK_M,SimpleCase,Actuator,M.B,9,4,6,4,ServiceA,0.0,281.0147380228745,281.0147380228745,254.6565410045589,281.0147380228745
31,COMP_M,SimpleCase,ServiceA,M.A,2,9,2,6,Sensor,4.7852284971606815,282.7853856400178,287.5706141371785,280.0,281.0001571428571
26,SINK_M,SimpleCase,Actuator,M.B,10,4,7,4,ServiceA,0.0,285.7861984971607,285.7861984971607,282.7854484971607,285.7861984971607
25,SINK_M,SimpleCase,Actuator,M.B,8,4,5,4,ServiceA,0.0,287.7861984971607,287.7861984971607,282.7854484971607,287.7861984971607
32,COMP_M,SimpleCase,ServiceA,M.A,3,9,3,6,Sensor,4.7852284971606815,288.0001571428571,292.7853856400178,280.0,288.0001571428571
29,COMP_M,SimpleCase,ServiceA,M.A,0,8,0,5,Sensor,4.7852284971606815,288.00022,292.7854484971607,280.0,288.00022
30,COMP_M,SimpleCase,ServiceA,M.A,1,10,1,7,Sensor,4.7852284971606815,288.00022,292.7854484971607,280.0,288.00022
19,SINK_M,SimpleCase,Actuator,M.B,9,4,6,4,ServiceA,0.0,289.0154880228745,289.0154880228745,258.48458650683835,289.0154880228745
35,COMP_M,SimpleCase,ServiceA,M.A,2,9,2,6,Sensor,4.7852284971606815,292.7853856400178,297.5706141371785,290.0,291.00022
30,SINK_M,SimpleCase,Actuator,M.B,10,4,7,4,ServiceA,0.0,295.7861984971607,295.7861984971607,292.7854484971607,295.7861984971607
20,SINK_M,SimpleCase,Actuator,M.B,9,4,6,4,ServiceA,0.0,297.01623802287446,297.01623802287446,258.48458650683835,297.01623802287446
29,SINK_M,SimpleCase,Actuator,M.B,8,4,5,4,ServiceA,0.0,297.7861984971607,297.7861984971607,292.7854484971607,297.7861984971607
33,COMP_M,SimpleCase,ServiceA,M.A,0,8,0,5,Sensor,4.7852284971606815,298.0001571428571,302.7853856400178,290.0,298.0001571428571
36,COMP_M,SimpleCase,ServiceA,M.A,3,9,3,6,Sensor,4.7852284971606815,298.00022,302.7854484971607,290.0,298.00022
34,COMP_M,SimpleCase,ServiceA,M.A,1,10,1,7,Sensor,4.7852284971606815,298.00055,302.7857784971606,290.0,298.00055
2,COMP_M,SimpleCase,ServiceA,M.A,1,9,1,6,Sensor,0.008238022874510118,317.0005,317.00873802287447,310.0,317.0005
1,COMP_M,SimpleCase,ServiceA,M.A,0,8,0,5,Sensor,0.008238022874510118,318.0005,318.00873802287447,310.0,318.0005
4,COMP_M,SimpleCase,ServiceA,M.A,3,9,3,6,Sensor,0.008238022874510118,318.0005,318.00873802287447,310.0,318.0005
3,COMP_M,SimpleCase,ServiceA,M.A,2,10,2,7,Sensor,0.008238022874510118,319.0005,319.00873802287447,310.0,319.0005
3,SINK_M,SimpleCase,Actuator,M.B,10,4,7,4,ServiceA,0.0,322.0094880228745,322.0094880228745,319.00873802287447,322.0094880228745
1,SINK_M,SimpleCase,Actuator,M.B,8,4,5,4,ServiceA,0.0,323.0094880228745,323.0094880228745,318.00873802287447,323.0094880228745
2,SINK_M,SimpleCase,Actuator,M.B,9,4,6,4,ServiceA,0.0,325.0094880228745,325.0094880228745,317.00873802287447,325.0094880228745
6,COMP_M,SimpleCase,ServiceA,M.A,1,9,1,6,Sensor,0.008238022874510118,327.0005,327.00873802287447,320.0,327.0005
5,COMP_M,SimpleCase,ServiceA,M.A,0,8,0,5,Sensor,0.008238022874510118,328.0005,328.00873802287447,320.0,328.0005
8,COMP_M,SimpleCase,ServiceA,M.A,3,9,3,6,Sensor,0.008238022874510118,328.0005,328.00873802287447,320.0,328.0005
7,COMP_M,SimpleCase,ServiceA,M.A,2,10,2,7,Sensor,0.008238022874510118,329.0005,329.00873802287447,320.0,329.0005
7,SINK_M,SimpleCase,Actuator,M.B,10,4,7,4,ServiceA,0.0,332.0094880228745,332.0094880228745,329.00873802287447,332.0094880228745
5,SINK_M,SimpleCase,Actuator,M.B,8,4,5,4,ServiceA,0.0,333.0094880228745,333.0094880228745,328.00873802287447,333.0094880228745
4,SINK_M,SimpleCase,Actuator,M.B,9,4,6,4,ServiceA,0.0,333.0102380228745,333.0102380228745,318.00873802287447,333.0102380228745
10,COMP_M,SimpleCase,ServiceA,M.A,1,9,1,6,Sensor,0.008238022874510118,337.0005,337.00873802287447,330.0,337.0005
9,COMP_M,SimpleCase,ServiceA,M.A,0,8,0,5,Sensor,0.008238022874510118,338.0002,338.0084380228745,330.0,338.0002
12,COMP_M,SimpleCase,ServiceA,M.A,3,9,3,6,Sensor,0.008238022874510118,338.0005,338.00873802287447,330.0,338.0005
11,COMP_M,SimpleCase,ServiceA,M.A,2,10,2,7,Sensor,0.008238022874510118,339.0005,339.00873802287447,330.0,339.0005
6,SINK_M,SimpleCase,Actuator,M.B,9,4,6,4,ServiceA,0.0,341.01098802287447,341.01098802287447,327.00873802287447,341.01098802287447
11,SINK_M,SimpleCase,Actuator,M.B,10,4,7,4,ServiceA,0.0,342.0094880228745,342.0094880228745,339.00873802287447,342.0094880228745
9,SINK_M,SimpleCase,Actuator,M.B,8,4,5,4,ServiceA,0.0,343.00918802287447,343.00918802287447,338.0084380228745,343.00918802287447
14,COMP_M,SimpleCase,ServiceA,M.A,1,9,1,6,Sensor,3.8280455022794513,347.00045,350.82849550227945,340.0,347.00045
13,COMP_M,SimpleCase,ServiceA,M.A,0,8,0,5,Sensor,3.8280455022794513,348.00018,351.82822550227945,340.0,348.00018
15,COMP_M,SimpleCase,ServiceA,M.A,2,10,2,7,Sensor,3.8280455022794513,349.00045,352.82849550227945,340.0,349.00045
8,SINK_M,SimpleCase,Actuator,M.B,9,4,6,4,ServiceA,0.0,349.0117380228745,349.0117380228745,328.00873802287447,349.0117380228745
16,COMP_M,SimpleCase,ServiceA,M.A,3,9,3,6,Sensor,3.8280455022794513,350.82849550227945,354.65654100455885,340.0,348.00045
19,COMP_M,SimpleCase,ServiceA,M.A,2,9,2,6,Sensor,3.8280455022794513,354.65654100455885,358.48458650683835,350.0,351.00045
15,SINK_M,SimpleCase,Actuator,M.B,10,4,7,4,ServiceA,0.0,355.82924550227943,355.82924550227943,352.82849550227945,355.82924550227943
13,SINK_M,SimpleCase,Actuator,M.B,8,4,5,4,ServiceA,0.0,356.82897550227943,356.82897550227943,351.82822550227945,356.82897550227943
10,SINK_M,SimpleCase,Actuator,M.B,9,4,6,4,ServiceA,0.0,357.01248802287455,357.01248802287455,337.00873802287447,357.01248802287455
17,COMP_M,SimpleCase,ServiceA,M.A,0,8,0,5,Sensor,3.8280455022794513,358.00018,361.82822550227945,350.0,358.00018
18,COMP_M,SimpleCase,ServiceA,M.A,1,10,1,7,Sensor,3.8280455022794513,358.00045,361.82849550227945,350.0,358.00045
23,COMP_M,SimpleCase,ServiceA,M.A,2,9,2,6,Sensor,3.8280455022794513,361.00012857142855,364.82817407370806,360.0,361.00012857142855
18,SINK_M,SimpleCase,Actuator,M.B,10,4,7,4,ServiceA,0.0,364.8292455022794,364.8292455022794,361.82849550227945,364.8292455022794
12,SINK_M,SimpleCase,Actuator,M.B,9,4,6,4,ServiceA,0.0,365.01323802287453,365.01323802287453,338.00873802287447,365.01323802287453
17,SINK_M,SimpleCase,Actuator,M.B,8,4,5,4,ServiceA,0.0,366.8289755022794,366.8289755022794,361.82822550227945,366.8289755022794
24,COMP_M,SimpleCase,ServiceA,M.A,3,9,3,6,Sensor,3.8280455022794513,368.0001285714286,371.82817407370806,360.0,368.0001285714286
21,COMP_M,SimpleCase,ServiceA,M.A,0,8,0,5,Sensor,3.8280455022794513,368.00018,371.82822550227945,360.0,368.00018
22,COMP_M,SimpleCase,ServiceA,M.A,1,10,1,7,Sensor,3.8280455022794513,368.00018,371.82822550227945,360.0,368.00018
27,COMP_M,SimpleCase,ServiceA,M.A,2,9,2,6,Sensor,4.7852284971606815,371.82817407370806,376.61340257086886,370.0,371.0001571428571
14,SINK_M,SimpleCase,Actuator,M.B,9,4,6,4,ServiceA,0.0,373.0139880228745,373.0139880228745,350.82849550227945,373.0139880228745
22,SINK_M,SimpleCase,Actuator,M.B,10,4,7,4,ServiceA,0.0,374.8289755022794,374.8289755022794,371.82822550227945,374.8289755022794
21,SINK_M,SimpleCase,Actuator,M.B,8,4,5,4,ServiceA,0.0,376.8289755022794,376.8289755022794,371.82822550227945,376.8289755022794
28,COMP_M,SimpleCase,ServiceA,M.A,3,9,3,6,Sensor,4.7852284971606815,378.0001571428571,382.78538564001775,370.0,378.0001571428571
25,COMP_M,SimpleCase,ServiceA,M.A,0,8,0,5,Sensor,4.7852284971606815,378.00022,382.7854484971607,370.0,378.00022
26,COMP_M,SimpleCase,ServiceA,M.A,1,10,1,7,Sensor,4.7852284971606815,378.00022,382.7854484971607,370.0,378.00022
16,SINK_M,SimpleCase,Actuator,M.B,9,4,6,4,ServiceA,0.0,381.01473802287455,381.01473802287455,354.65654100455885,381.01473802287455
31,COMP_M,SimpleCase,ServiceA,M.A,2,9,2,6,Sensor,4.7852284971606815,382.78538564001775,387.5706141371785,380.0,381.0001571428571
26,SINK_M,SimpleCase,Actuator,M.B,10,4,7,4,ServiceA,0.0,385.78619849716074,385.78619849716074,382.7854484971607,385.78619849716074
25,SINK_M,SimpleCase,Actuator,M.B,8,4,5,4,ServiceA,0.0,387.78619849716074,387.78619849716074,382.7854484971607,387.78619849716074
32,COMP_M,SimpleCase,ServiceA,M.A,3,9,3,6,Sensor,4.7852284971606815,388.0001571428571,392.78538564001775,380.0,388.0001571428571
29,COMP_M,SimpleCase,ServiceA,M.A,0,8,0,5,Sensor,4.7852284971606815,388.00022,392.7854484971607,380.0,388.00022
30,COMP_M,SimpleCase,ServiceA,M.A,1,10,1,7,Sensor,4.7852284971606815,388.00022,392.7854484971607,380.0,388.00022
19,SINK_M,SimpleCase,Actuator,M.B,9,4,6,4,ServiceA,0.0,389.01548802287454,389.01548802287454,358.48458650683835,389.01548802287454
35,COMP_M,SimpleCase,ServiceA,M.A,2,9,2,6,Sensor,4.7852284971606815,392.78538564001775,397.5706141371785,390.0,391.00022
30,SINK_M,SimpleCase,Actuator,M.B,10,4,7,4,ServiceA,0.0,395.78619849716074,395.78619849716074,392.7854484971607,395.78619849716074
20,SINK_M,SimpleCase,Actuator,M.B,9,4,6,4,ServiceA,0.0,397.0162380228745,397.0162380228745,358.48458650683835,397.0162380228745
29,SINK_M,SimpleCase,Actuator,M.B,8,4,5,4,ServiceA,0.0,397.78619849716074,397.78619849716074,392.7854484971607,397.78619849716074
33,COMP_M,SimpleCase,ServiceA,M.A,0,8,0,5,Sensor,4.7852284971606815,398.0001571428571,402.78538564001775,390.0,398.0001571428571
36,COMP_M,SimpleCase,ServiceA,M.A,3,9,3,6,Sensor,4.7852284971606815,398.00022,402.7854484971607,390.0,398.00022
34,COMP_M,SimpleCase,ServiceA,M.A,1,10,1,7,Sensor,4.7852284971606815,398.00055,402.7857784971607,390.0,398.00055
2,COMP_M,SimpleCase,ServiceA,M.A,1,9,1,6,Sensor,0.008238022874510118,417.0005,417.0087380228745,410.0,417.0005
1,COMP_M,SimpleCase,ServiceA,M.A,0,8,0,5,Sensor,0.008238022874510118,418.0005,418.0087380228745,410.0,418.0005
4,COMP_M,SimpleCase,ServiceA,M.A,3,9,3,6,Sensor,0.008238022874510118,418.0005,418.0087380228745,410.0,418.0005
3,COMP_M,SimpleCase,ServiceA,M.A,2,10,2,7,Sensor,0.008238022874510118,419.0005,419.0087380228745,410.0,419.0005
3,SINK_M,SimpleCase,Actuator,M.B,10,4,7,4,ServiceA,0.0,422.0094880228745,422.0094880228745,419.0087380228745,422.0094880228745
1,SINK_M,SimpleCase,Actuator,M.B,8,4,5,4,ServiceA,0.0,423.0094880228745,423.0094880228745,418.0087380228745,423.0094880228745
2,SINK_M,SimpleCase,Actuator,M.B,9,4,6,4,ServiceA,0.0,425.0094880228745,425.0094880228745,417.0087380228745,425.0094880228745
6,COMP_M,SimpleCase,ServiceA,M.A,1,9,1,6,Sensor,0.008238022874510118,427.0005,427.0087380228745,420.0,427.0005
5,COMP_M,SimpleCase,ServiceA,M.A,0,8,0,5,Sensor,0.008238022874510118,428.0005,428.0087380228745,420.0,428.0005
8,COMP_M,SimpleCase,ServiceA,M.A,3,9,3,6,Sensor,0.008238022874510118,428.0005,428.0087380228745,420.0,428.0005
7,COMP_M,SimpleCase,ServiceA,M.A,2,10,2,7,Sensor,0.008238022874510118,429.0005,429.0087380228745,420.0,429.0005
7,SINK_M,SimpleCase,Actuator,M.B,10,4,7,4,ServiceA,0.0,432.0094880228745,432.0094880228745,429.0087380228745,432.0094880228745
5,SINK_M,SimpleCase,Actuator,M.B,8,4,5,4,ServiceA,0.0,433.0094880228745,433.0094880228745,428.0087380228745,433.0094880228745
4,SINK_M,SimpleCase,Actuator,M.B,9,4,6,4,ServiceA,0.0,433.01023802287455,433.01023802287455,418.0087380228745,433.01023802287455
10,COMP_M,SimpleCase,ServiceA,M.A,1,9,1,6,Sensor,0.008238022874510118,437.0005,437.0087380228745,430.0,437.0005
9,COMP_M,SimpleCase,ServiceA,M.A,0,8,0,5,Sensor,0.008238022874510118,438.0002,438.00843802287454,430.0,438.0002
12,COMP_M,SimpleCase,ServiceA,M.A,3,9,3,6,Sensor,0.008238022874510118,438.0005,438.0087380228745,430.0,438.0005
11,COMP_M,SimpleCase,ServiceA,M.A,2,10,2,7,Sensor,0.008238022874510118,439.0005,439.0087380228745,430.0,439.0005
6,SINK_M,SimpleCase,Actuator,M.B,9,4,6,4,ServiceA,0.0,441.0109880228745,441.0109880228745,427.0087380228745,441.0109880228745
11,SINK_M,SimpleCase,Actuator,M.B,10,4,7,4,ServiceA,0.0,442.0094880228745,442.0094880228745,439.0087380228745,442.0094880228745
9,SINK_M,SimpleCase,Actuator,M.B,8,4,5,4,ServiceA,0.0,443.0091880228745,443.0091880228745,438.00843802287454,443.0091880228745
14,COMP_M,SimpleCase,ServiceA,M.A,1,9,1,6,Sensor,3.8280455022794513,447.00045,450.82849550227945,440.0,447.00045
13,COMP_M,SimpleCase,ServiceA,M.A,0,8,0,5,Sensor,3.8280455022794513,448.00018,451.82822550227945,440.0,448.00018
15,COMP_M,SimpleCase,ServiceA,M.A,2,10,2,7,Sensor,3.8280455022794513,449.00045,452.82849550227945,440.0,449.00045
8,SINK_M,SimpleCase,Actuator,M.B,9,4,6,4,ServiceA,0.0,449.0117380228745,449.0117380228745,428.0087380228745,449.0117380228745
16,COMP_M,SimpleCase,ServiceA,M.A,3,9,3,6,Sensor,3.8280455022794513,450.82849550227945,454.65654100455885,440.0,448.00045
19,COMP_M,SimpleCase,ServiceA,M.A,2,9,2,6,Sensor,3.8280455022794513,454.65654100455885,458.48458650683835,450.0,451.00045
15,SINK_M,SimpleCase,Actuator,M.B,10,4,7,4,ServiceA,0.0,455.8292455022794,455.8292455022794,452.82849550227945,455.8292455022794
13,SINK_M,SimpleCase,Actuator,M.B,8,4,5,4,ServiceA,0.0,456.8289755022794,456.8289755022794,451.82822550227945,456.8289755022794
10,SINK_M,SimpleCase,Actuator,M.B,9,4,6,4,ServiceA,0.0,457.01248802287455,457.01248802287455,437.0087380228745,457.01248802287455
17,COMP_M,SimpleCase,ServiceA,M.A,0,8,0,5,Sensor,3.8280455022794513,458.00018,461.82822550227945,450.0,458.00018
18,COMP_M,SimpleCase,ServiceA,M.A,1,10,1,7,Sensor,3.8280455022794513,458.00045,461.82849550227945,450.0,458.00045
23,COMP_M,SimpleCase,ServiceA,M.A,2,9,2,6,Sensor,3.8280455022794513,461.00012857142855,464.82817407370806,460.0,461.00012857142855
18,SINK_M,SimpleCase,Actuator,M.B,10,4,7,4,ServiceA,0.0,464.8292455022794,464.8292455022794,461.82849550227945,464.8292455022794
12,SINK_M,SimpleCase,Actuator,M.B,9,4,6,4,ServiceA,0.0,465.01323802287453,465.01323802287453,438.0087380228745,465.01323802287453
17,SINK_M,SimpleCase,Actuator,M.B,8,4,5,4,ServiceA,0.0,466.8289755022794,466.8289755022794,461.82822550227945,466.8289755022794
24,COMP_M,SimpleCase,ServiceA,M.A,3,9,3,6,Sensor,3.8280455022794513,468.0001285714286,471.82817407370806,460.0,468.0001285714286
21,COMP_M,SimpleCase,ServiceA,M.A,0,8,0,5,Sensor,3.8280455022794513,468.00018,471.82822550227945,460.0,468.00018
22,COMP_M,SimpleCase,ServiceA,M.A,1,10,1,7,Sensor,3.8280455022794513,468.00018,471.82822550227945,460.0,468.00018
27,COMP_M,SimpleCase,ServiceA,M.A,2,9,2,6,Sensor,4.7852284971606815,471.82817407370806,476.61340257086886,470.0,471.0001571428571
14,SINK_M,SimpleCase,Actuator,M.B,9,4,6,4,ServiceA,0.0,473.0139880228745,473.0139880228745,450.82849550227945,473.0139880228745
22,SINK_M,SimpleCase,Actuator,M.B,10,4,7,4,ServiceA,0.0,474.8289755022794,474.8289755022794,471.82822550227945,474.8289755022794
21,SINK_M,SimpleCase,Actuator,M.B,8,4,5,4,ServiceA,0.0,476.8289755022794,476.8289755022794,471.82822550227945,476.8289755022794
28,COMP_M,SimpleCase,ServiceA,M.A,3,9,3,6,Sensor,4.7852284971606815,478.0001571428571,482.78538564001775,470.0,478.0001571428571
25,COMP_M,SimpleCase,ServiceA,M.A,0,8,0,5,Sensor,4.7852284971606815,478.00022,482.7854484971607,470.0,478.00022
26,COMP_M,SimpleCase,ServiceA,M.A,1,10,1,7,Sensor,4.7852284971606815,478.00022,482.7854484971607,470.0,478.00022
16,SINK_M,SimpleCase,Actuator,M.B,9,4,6,4,ServiceA,0.0,481.01473802287455,481.01473802287455,454.65654100455885,481.01473802287455
31,COMP_M,SimpleCase,ServiceA,M.A,2,9,2,6,Sensor,4.7852284971606815,482.78538564001775,487.5706141371785,480.0,481.0001571428571
26,SINK_M,SimpleCase,Actuator,M.B,10,4,7,4,ServiceA,0.0,485.78619849716074,485.78619849716074,482.7854484971607,485.78619849716074
25,SINK_M,SimpleCase,Actuator,M.B,8,4,5,4,ServiceA,0.0,487.78619849716074,487.78619849716074,482.7854484971607,487.78619849716074
32,COMP_M,SimpleCase,ServiceA,M.A,3,9,3,6,Sensor,4.7852284971606815,488.0001571428571,492.78538564001775,480.0,488.0001571428571
29,COMP_M,SimpleCase,ServiceA,M.A,0,8,0,5,Sensor,4.7852284971606815,488.00022,492.7854484971607,480.0,488.00022
30,COMP_M,SimpleCase,ServiceA,M.A,1,10,1,7,Sensor,4.7852284971606815,488.00022,492.7854484971607,480.0,488.00022
19,SINK_M,SimpleCase,Actuator,M.B,9,4,6,4,ServiceA,0.0,489.01548802287454,489.01548802287454,458.48458650683835,489.01548802287454
35,COMP_M,SimpleCase,ServiceA,M.A,2,9,2,6,Sensor,4.7852284971606815,492.78538564001775,497.5706141371785,490.0,491.00022
30,SINK_M,SimpleCase,Actuator,M.B,10,4,7,4,ServiceA,0.0,495.78619849716074,495.78619849716074,492.7854484971607,495.78619849716074
20,SINK_M,SimpleCase,Actuator,M.B,9,4,6,4,ServiceA,0.0,497.0162380228745,497.0162380228745,458.48458650683835,497.0162380228745
29,SINK_M,SimpleCase,Actuator,M.B,8,4,5,4,ServiceA,0.0,497.78619849716074,497.78619849716074,492.7854484971607,497.78619849716074
33,COMP_M,SimpleCase,ServiceA,M.A,0,8,0,5,Sensor,4.7852284971606815,498.0001571428571,502.78538564001775,490.0,498.0001571428571
36,COMP_M,SimpleCase,ServiceA,M.A,3,9,3,6,Sensor,4.7852284971606815,498.00022,502.7854484971607,490.0,498.00022
34,COMP_M,SimpleCase,ServiceA,M.A,1,10,1,7,Sensor,4.7852284971606815,498.00055,502.7857784971607,490.0,498.00055
2,COMP_M,SimpleCase,ServiceA,M.A,1,9,1,6,Sensor,0.008238022874510118,517.0005,517.0087380228746,510.0,517.0005
1,COMP_M,SimpleCase,ServiceA,M.A,0,8,0,5,Sensor,0.008238022874510118,518.0005,518.0087380228746,510.0,518.0005
4,COMP_M,SimpleCase,ServiceA,M.A,3,9,3,6,Sensor,0.008238022874510118,518.0005,518.0087380228746,510.0,518.0005
3,COMP_M,SimpleCase,ServiceA,M.A,2,10,2,7,Sensor,0.008238022874510118,519.0005,519.0087380228746,510.0,519.0005
3,SINK_M,SimpleCase,Actuator,M.B,10,4,7,4,ServiceA,0.0,522.0094880228745,522.0094880228745,519.0087380228746,522.0094880228745
1,SINK_M,SimpleCase,Actuator,M.B,8,4,5,4,ServiceA,0.0,523.0094880228745,523.0094880228745,518.0087380228746,523.0094880228745
2,SINK_M,SimpleCase,Actuator,M.B,9,4,6,4,ServiceA,0.0,525.0094880228745,525.0094880228745,517.0087380228746,525.0094880228745
6,COMP_M,SimpleCase,ServiceA,M.A,1,9,1,6,Sensor,0.008238022874510118,527.0005,527.0087380228746,520.0,527.0005
5,COMP_M,SimpleCase,ServiceA,M.A,0,8,0,5,Sensor,0.008238022874510118,528.0005,528.0087380228746,520.0,528.0005
8,COMP_M,SimpleCase,ServiceA,M.A,3,9,3,6,Sensor,0.008238022874510118,528.0005,528.0087380228746,520.0,528.0005
7,COMP_M,SimpleCase,ServiceA,M.A,2,10,2,7,Sensor,0.008238022874510118,529.0005,529.0087380228746,520.0,529.0005
7,SINK_M,SimpleCase,Actuator,M.B,10,4,7,4,ServiceA,0.0,532.0094880228745,532.0094880228745,529.0087380228746,532.0094880228745
5,SINK_M,SimpleCase,Actuator,M.B,8,4,5,4,ServiceA,0.0,533.0094880228745,533.0094880228745,528.0087380228746,533.0094880228745
4,SINK_M,SimpleCase,Actuator,M.B,9,4,6,4,ServiceA,0.0,533.0102380228745,533.0102380228745,518.0087380228746,533.0102380228745
10,COMP_M,SimpleCase,ServiceA,M.A,1,9,1,6,Sensor,0.008238022874510118,537.0005,537.0087380228746,530.0,537.0005
9,COMP_M,SimpleCase,ServiceA,M.A,0,8,0,5,Sensor,0.008238022874510118,538.0002,538.0084380228745,530.0,538.0002
12,COMP_M,SimpleCase,ServiceA,M.A,3,9,3,6,Sensor,0.008238022874510118,538.0005,538.0087380228746,530.0,538.0005
11,COMP_M,SimpleCase,ServiceA,M.A,2,10,2,7,Sensor,0.008238022874510118,539.0005,539.0087380228746,530.0,539.0005
6,SINK_M,SimpleCase,Actuator,M.B,9,4,6,4,ServiceA,0.0,541.0109880228745,541.0109880228745,527.0087380228746,541.0109880228745
11,SINK_M,SimpleCase,Actuator,M.B,10,4,7,4,ServiceA,0.0,542.0094880228745,542.0094880228745,539.0087380228746,542.0094880228745
9,SINK_M,SimpleCase,Actuator,M.B,8,4,5,4,ServiceA,0.0,543.0091880228746,543.0091880228746,538.0084380228745,543.0091880228746
14,COMP_M,SimpleCase,ServiceA,M.A,1,9,1,6,Sensor,3.8280455022794513,547.00045,550.8284955022796,540.0,547.00045
13,COMP_M,SimpleCase,ServiceA,M.A,0,8,0,5,Sensor,3.8280455022794513,548.00018,551.8282255022796,540.0,548.00018
15,COMP_M,SimpleCase,ServiceA,M.A,2,10,2,7,Sensor,3.8280455022794513,549.00045,552.8284955022796,540.0,549.00045
8,SINK_M,SimpleCase,Actuator,M.B,9,4,6,4,ServiceA,0.0,549.0117380228745,549.0117380228745,528.0087380228746,549.0117380228745
16,COMP_M,SimpleCase,ServiceA,M.A,3,9,3,6,Sensor,3.8280455022794513,550.8284955022796,554.6565410045589,540.0,548.00045
19,COMP_M,SimpleCase,ServiceA,M.A,2,9,2,6,Sensor,3.8280455022794513,554.6565410045589,558.4845865068384,550.0,551.00045
15,SINK_M,SimpleCase,Actuator,M.B,10,4,7,4,ServiceA,0.0,555.8292455022795,555.8292455022795,552.8284955022796,555.8292455022795
13,SINK_M,SimpleCase,Actuator,M.B,8,4,5,4,ServiceA,0.0,556.8289755022795,556.8289755022795,551.8282255022796,556.8289755022795
10,SINK_M,SimpleCase,Actuator,M.B,9,4,6,4,ServiceA,0.0,557.0124880228745,557.0124880228745,537.0087380228746,557.0124880228745
17,COMP_M,SimpleCase,ServiceA,M.A,0,8,0,5,Sensor,3.8280455022794513,558.00018,561.8282255022796,550.0,558.00018
18,COMP_M,SimpleCase,ServiceA,M.A,1,10,1,7,Sensor,3.8280455022794513,558.00045,561.8284955022796,550.0,558.00045
23,COMP_M,SimpleCase,ServiceA,M.A,2,9,2,6,Sensor,3.8280455022794513,561.0001285714286,564.8281740737079,560.0,561.0001285714286
18,SINK_M,SimpleCase,Actuator,M.B,10,4,7,4,ServiceA,0.0,564.8292455022795,564.8292455022795,561.8284955022796,564.8292455022795
12,SINK_M,SimpleCase,Actuator,M.B,9,4,6,4,ServiceA,0.0,565.0132380228745,565.0132380228745,538.0087380228746,565.0132380228745
17,SINK_M,SimpleCase,Actuator,M.B,8,4,5,4,ServiceA,0.0,566.8289755022795,566.8289755022795,561.8282255022796,566.8289755022795
24,COMP_M,SimpleCase,ServiceA,M.A,3,9,3,6,Sensor,3.8280455022794513,568.0001285714286,571.8281740737079,560.0,568.0001285714286
21,COMP_M,SimpleCase,ServiceA,M.A,0,8,0,5,Sensor,3.8280455022794513,568.00018,571.8282255022796,560.0,568.00018
22,COMP_M,SimpleCase,ServiceA,M.A,1,10,1,7,Sensor,3.8280455022794513,568.00018,571.8282255022796,560.0,568.00018
27,COMP_M,SimpleCase,ServiceA,M.A,2,9,2,6,Sensor,4.7852284971606815,571.8281740737079,576.6134025708687,570.0,571.0001571428571
14,SINK_M,SimpleCase,Actuator,M.B,9,4,6,4,ServiceA,0.0,573.0139880228745,573.0139880228745,550.8284955022796,573.0139880228745
22,SINK_M,SimpleCase,Actuator,M.B,10,4,7,4,ServiceA,0.0,574.8289755022795,574.8289755022795,571.8282255022796,574.8289755022795
21,SINK_M,SimpleCase,Actuator,M.B,8,4,5,4,ServiceA,0.0,576.8289755022795,576.8289755022795,571.8282255022796,576.8289755022795
28,COMP_M,SimpleCase,ServiceA,M.A,3,9,3,6,Sensor,4.7852284971606815,578.0001571428571,582.7853856400178,570.0,578.0001571428571
25,COMP_M,SimpleCase,ServiceA,M.A,0,8,0,5,Sensor,4.7852284971606815,578.00022,582.7854484971607,570.0,578.00022
26,COMP_M,SimpleCase,ServiceA,M.A,1,10,1,7,Sensor,4.7852284971606815,578.00022,582.7854484971607,570.0,578.00022
16,SINK_M,SimpleCase,Actuator,M.B,9,4,6,4,ServiceA,0.0,581.0147380228746,581.0147380228746,554.6565410045589,581.0147380228746
31,COMP_M,SimpleCase,ServiceA,M.A,2,9,2,6,Sensor,4.7852284971606815,582.7853856400178,587.5706141371785,580.0,581.0001571428571
26,SINK_M,SimpleCase,Actuator,M.B,10,4,7,4,ServiceA,0.0,585.7861984971607,585.7861984971607,582.7854484971607,585.7861984971607
25,SINK_M,SimpleCase,Actuator,M.B,8,4,5,4,ServiceA,0.0,587.7861984971607,587.7861984971607,582.7854484971607,587.7861984971607
32,COMP_M,SimpleCase,ServiceA,M.A,3,9,3,6,Sensor,4.7852284971606815,588.0001571428571,592.7853856400178,580.0,588.0001571428571
29,COMP_M,SimpleCase,ServiceA,M.A,0,8,0,5,Sensor,4.7852284971606815,588.00022,592.7854484971607,580.0,588.00022
30,COMP_M,SimpleCase,ServiceA,M.A,1,10,1,7,Sensor,4.7852284971606815,588.00022,592.7854484971607,580.0,588.00022
19,SINK_M,SimpleCase,Actuator,M.B,9,4,6,4,ServiceA,0.0,589.0154880228745,589.0154880228745,558.4845865068384,589.0154880228745
35,COMP_M,SimpleCase,ServiceA,M.A,2,9,2,6,Sensor,4.7852284971606815,592.7853856400178,597.5706141371785,590.0,591.00022
30,SINK_M,SimpleCase,Actuator,M.B,10,4,7,4,ServiceA,0.0,595.7861984971607,595.7861984971607,592.7854484971607,595.7861984971607
20,SINK_M,SimpleCase,Actuator,M.B,9,4,6,4,ServiceA,0.0,597.0162380228745,597.0162380228745,558.4845865068384,597.0162380228745
29,SINK_M,SimpleCase,Actuator,M.B,8,4,5,4,ServiceA,0.0,597.7861984971607,597.7861984971607,592.7854484971607,597.7861984971607
33,COMP_M,SimpleCase,ServiceA,M.A,0,8,0,5,Sensor,4.7852284971606815,598.0001571428571,602.7853856400178,590.0,598.0001571428571
36,COMP_M,SimpleCase,ServiceA,M.A,3,9,3,6,Sensor,4.7852284971606815,598.00022,602.7854484971607,590.0,598.00022
34,COMP_M,SimpleCase,ServiceA,M.A,1,10,1,7,Sensor,4.7852284971606815,598.00055,602.7857784971608,590.0,598.00055
2,COMP_M,SimpleCase,ServiceA,M.A,1,9,1,6,Sensor,0.008238022874510118,617.0005,617.0087380228746,610.0,617.0005
1,COMP_M,SimpleCase,ServiceA,M.A,0,8,0,5,Sensor,0.008238022874510118,618.0005,618.0087380228746,610.0,618.0005
4,COMP_M,SimpleCase,ServiceA,M.A,3,9,3,6,Sensor,0.008238022874510118,618.0005,618.0087380228746,610.0,618.0005
3,COMP_M,SimpleCase,ServiceA,M.A,2,10,2,7,Sensor,0.008238022874510118,619.0005,619.0087380228746,610.0,619.0005
3,SINK_M,SimpleCase,Actuator,M.B,10,4,7,4,ServiceA,0.0,622.0094880228745,622.0094880228745,619.0087380228746,622.0094880228745
1,SINK_M,SimpleCase,Actuator,M.B,8,4,5,4,ServiceA,0.0,623.0094880228745,623.0094880228745,618.0087380228746,623.0094880228745
2,SINK_M,SimpleCase,Actuator,M.B,9,4,6,4,ServiceA,0.0,625.0094880228745,625.0094880228745,617.0087380228746,625.0094880228745
6,COMP_M,SimpleCase,ServiceA,M.A,1,9,1,6,Sensor,0.008238022874510118,627.0005,627.0087380228746,620.0,627.0005
5,COMP_M,SimpleCase,ServiceA,M.A,0,8,0,5,Sensor,0.008238022874510118,628.0005,628.0087380228746,620.0,628.0005
8,COMP_M,SimpleCase,ServiceA,M.A,3,9,3,6,Sensor,0.008238022874510118,628.0005,628.0087380228746,620.0,628.0005
7,COMP_M,SimpleCase,ServiceA,M.A,2,10,2,7,Sensor,0.008238022874510118,629.0005,629.0087380228746,620.0,629.0005
7,SINK_M,SimpleCase,Actuator,M.B,10,4,7,4,ServiceA,0.0,632.0094880228745,632.0094880228745,629.0087380228746,632.0094880228745
5,SINK_M,SimpleCase,Actuator,M.B,8,4,5,4,ServiceA,0.0,633.0094880228745,633.0094880228745,628.0087380228746,633.0094880228745
4,SINK_M,SimpleCase,Actuator,M.B,9,4,6,4,ServiceA,0.0,633.0102380228745,633.0102380228745,618.0087380228746,633.0102380228745
10,COMP_M,SimpleCase,ServiceA,M.A,1,9,1,6,Sensor,0.008238022874510118,637.0005,637.0087380228746,630.0,637.0005
9,COMP_M,SimpleCase,ServiceA,M.A,0,8,0,5,Sensor,0.008238022874510118,638.0002,638.0084380228745,630.0,638.0002
12,COMP_M,SimpleCase,ServiceA,M.A,3,9,3,6,Sensor,0.008238022874510118,638.0005,638.0087380228746,630.0,638.0005
11,COMP_M,SimpleCase,ServiceA,M.A,2,10,2,7,Sensor,0.008238022874510118,639.0005,639.0087380228746,630.0,639.0005
6,SINK_M,SimpleCase,Actuator,M.B,9,4,6,4,ServiceA,0.0,641.0109880228745,641.0109880228745,627.0087380228746,641.0109880228745
11,SINK_M,SimpleCase,Actuator,M.B,10,4,7,4,ServiceA,0.0,642.0094880228745,642.0094880228745,639.0087380228746,642.0094880228745
9,SINK_M,SimpleCase,Actuator,M.B,8,4,5,4,ServiceA,0.0,643.0091880228746,643.0091880228746,638.0084380228745,643.0091880228746
14,COMP_M,SimpleCase,ServiceA,M.A,1,9,1,6,Sensor,3.8280455022794513,647.00045,650.8284955022796,640.0,647.00045
13,COMP_M,SimpleCase,ServiceA,M.A,0,8,0,5,Sensor,3.8280455022794513,648.00018,651.8282255022796,640.0,648.00018
15,COMP_M,SimpleCase,ServiceA,M.A,2,10,2,7,Sensor,3.8280455022794513,649.00045,652.8284955022796,640.0,649.00045
8,SINK_M,SimpleCase,Actuator,M.B,9,4,6,4,ServiceA,0.0,649.0117380228745,649.0117380228745,628.0087380228746,649.0117380228745
16,COMP_M,SimpleCase,ServiceA,M.A,3,9,3,6,Sensor,3.8280455022794513,650.8284955022796,654.6565410045589,640.0,648.00045
19,COMP_M,SimpleCase,ServiceA,M.A,2,9,2,6,Sensor,3.8280455022794513,654.6565410045589,658.4845865068384,650.0,651.00045
15,SINK_M,SimpleCase,Actuator,M.B,10,4,7,4,ServiceA,0.0,655.8292455022795,655.8292455022795,652.8284955022796,655.8292455022795
13,SINK_M,SimpleCase,Actuator,M.B,8,4,5,4,ServiceA,0.0,656.8289755022795,656.8289755022795,651.8282255022796,656.8289755022795
10,SINK_M,SimpleCase,Actuator,M.B,9,4,6,4,ServiceA,0.0,657.0124880228745,657.0124880228745,637.0087380228746,657.0124880228745
17,COMP_M,SimpleCase,ServiceA,M.A,0,8,0,5,Sensor,3.8280455022794513,658.00018,661.8282255022796,650.0,658.00018
18,COMP_M,SimpleCase,ServiceA,M.A,1,10,1,7,Sensor,3.8280455022794513,658.00045,661.8284955022796,650.0,658.00045
23,COMP_M,SimpleCase,ServiceA,M.A,2,9,2,6,Sensor,3.8280455022794513,661.0001285714286,664.8281740737079,660.0,661.0001285714286
18,SINK_M,SimpleCase,Actuator,M.B,10,4,7,4,ServiceA,0.0,664.8292455022795,664.8292455022795,661.8284955022796,664.8292455022795
12,SINK_M,SimpleCase,Actuator,M.B,9,4,6,4,ServiceA,0.0,665.0132380228745,665.0132380228745,638.0087380228746,665.0132380228745
17,SINK_M,SimpleCase,Actuator,M.B,8,4,5,4,ServiceA,0.0,666.8289755022795,666.8289755022795,661.8282255022796,666.8289755022795
24,COMP_M,SimpleCase,ServiceA,M.A,3,9,3,6,Sensor,3.8280455022794513,668.0001285714286,671.8281740737079,660.0,668.0001285714286
21,COMP_M,SimpleCase,ServiceA,M.A,0,8,0,5,Sensor,3.8280455022794513,668.00018,671.8282255022796,660.0,668.00018
22,COMP_M,SimpleCase,ServiceA,M.A,1,10,1,7,Sensor,3.8280455022794513,668.00018,671.8282255022796,660.0,668.00018
27,COMP_M,SimpleCase,ServiceA,M.A,2,9,2,6,Sensor,4.7852284971606815,671.8281740737079,676.6134025708687,670.0,671.0001571428571
14,SINK_M,SimpleCase,Actuator,M.B,9,4,6,4,ServiceA,0.0,673.0139880228745,673.0139880228745,650.8284955022796,673.0139880228745
22,SINK_M,SimpleCase,Actuator,M.B,10,4,7,4,ServiceA,0.0,674.8289755022795,674.8289755022795,671.8282255022796,674.8289755022795
21,SINK_M,SimpleCase,Actuator,M.B,8,4,5,4,ServiceA,0.0,676.8289755022795,676.8289755022795,671.8282255022796,676.8289755022795
28,COMP_M,SimpleCase,ServiceA,M.A,3,9,3,6,Sensor,4.7852284971606815,678.0001571428571,682.7853856400178,670.0,678.0001571428571
25,COMP_M,SimpleCase,ServiceA,M.A,0,8,0,5,Sensor,4.7852284971606815,678.00022,682.7854484971607,670.0,678.00022
26,COMP_M,SimpleCase,ServiceA,M.A,1,10,1,7,Sensor,4.7852284971606815,678.00022,682.7854484971607,670.0,678.00022
16,SINK_M,SimpleCase,Actuator,M.B,9,4,6,4,ServiceA,0.0,681.0147380228746,681.0147380228746,654.6565410045589,681.0147380228746
31,COMP_M,SimpleCase,ServiceA,M.A,2,9,2,6,Sensor,4.7852284971606815,682.7853856400178,687.5706141371785,680.0,681.0001571428571
26,SINK_M,SimpleCase,Actuator,M.B,10,4,7,4,ServiceA,0.0,685.7861984971607,685.7861984971607,682.7854484971607,685.7861984971607
25,SINK_M,SimpleCase,Actuator,M.B,8,4,5,4,ServiceA,0.0,687.7861984971609,687.7861984971609,682.7854484971607,687.7861984971609
32,COMP_M,SimpleCase,ServiceA,M.A,3,9,3,6,Sensor,4.7852284971606815,688.000157142857,692.7853856400177,680.0,688.000157142857
29,COMP_M,SimpleCase,ServiceA,M.A,0,8,0,5,Sensor,4.7852284971606815,688.00022,692.7854484971608,680.0,688.00022
30,COMP_M,SimpleCase,ServiceA,M.A,1,10,1,7,Sensor,4.7852284971606815,688.00022,692.7854484971608,680.0,688.00022
19,SINK_M,SimpleCase,Actuator,M.B,9,4,6,4,ServiceA,0.0,689.0154880228745,689.0154880228745,658.4845865068384,689.0154880228745
35,COMP_M,SimpleCase,ServiceA,M.A,2,9,2,6,Sensor,4.7852284971606815,692.7853856400177,697.5706141371785,690.0,691.00022
30,SINK_M,SimpleCase,Actuator,M.B,10,4,7,4,ServiceA,0.0,695.7861984971609,695.7861984971609,692.7854484971608,695.7861984971609
20,SINK_M,SimpleCase,Actuator,M.B,9,4,6,4,ServiceA,0.0,697.0162380228744,697.0162380228744,658.4845865068384,697.0162380228744
29,SINK_M,SimpleCase,Actuator,M.B,8,4,5,4,ServiceA,0.0,697.7861984971609,697.7861984971609,692.7854484971608,697.7861984971609
33,COMP_M,SimpleCase,ServiceA,M.A,0,8,0,5,Sensor,4.7852284971606815,698.000157142857,702.7853856400177,690.0,698.000157142857
36,COMP_M,SimpleCase,ServiceA,M.A,3,9,3,6,Sensor,4.7852284971606815,698.00022,702.7854484971608,690.0,698.00022
34,COMP_M,SimpleCase,ServiceA,M.A,1,10,1,7,Sensor,4.7852284971606815,698.00055,702.7857784971608,690.0,698.00055
2,COMP_M,SimpleCase,ServiceA,M.A,1,9,1,6,Sensor,0.008238022874510118,717.0005,717.0087380228745,710.0,717.0005
1,COMP_M,SimpleCase,ServiceA,M.A,0,8,0,5,Sensor,0.008238022874510118,718.0005,718.0087380228745,710.0,718.0005
4,COMP_M,SimpleCase,ServiceA,M.A,3,9,3,6,Sensor,0.008238022874510118,718.0005,718.0087380228745,710.0,718.0005
3,COMP_M,SimpleCase,ServiceA,M.A,2,10,2,7,Sensor,0.008238022874510118,719.0005,719.0087380228745,710.0,719.0005
3,SINK_M,SimpleCase,Actuator,M.B,10,4,7,4,ServiceA,0.0,722.0094880228745,722.0094880228745,719.0087380228745,722.0094880228745
1,SINK_M,SimpleCase,Actuator,M.B,8,4,5,4,ServiceA,0.0,723.0094880228745,723.0094880228745,718.0087380228745,723.0094880228745
2,SINK_M,SimpleCase,Actuator,M.B,9,4,6,4,ServiceA,0.0,725.0094880228745,725.0094880228745,717.0087380228745,725.0094880228745
6,COMP_M,SimpleCase,ServiceA,M.A,1,9,1,6,Sensor,0.008238022874510118,727.0005,727.0087380228745,720.0,727.0005
5,COMP_M,SimpleCase,ServiceA,M.A,0,8,0,5,Sensor,0.008238022874510118,728.0005,728.0087380228745,720.0,728.0005
8,COMP_M,SimpleCase,ServiceA,M.A,3,9,3,6,Sensor,0.008238022874510118,728.0005,728.0087380228745,720.0,728.0005
7,COMP_M,SimpleCase,ServiceA,M.A,2,10,2,7,Sensor,0.008238022874510118,729.0005,729.0087380228745,720.0,729.0005
7,SINK_M,SimpleCase,Actuator,M.B,10,4,7,4,ServiceA,0.0,732.0094880228745,732.0094880228745,729.0087380228745,732.0094880228745
5,SINK_M,SimpleCase,Actuator,M.B,8,4,5,4,ServiceA,0.0,733.0094880228745,733.0094880228745,728.0087380228745,733.0094880228745
4,SINK_M,SimpleCase,Actuator,M.B,9,4,6,4,ServiceA,0.0,733.0102380228744,733.0102380228744,718.0087380228745,733.0102380228744
10,COMP_M,SimpleCase,ServiceA,M.A,1,9,1,6,Sensor,0.008238022874510118,737.0005,737.0087380228745,730.0,737.0005
9,COMP_M,SimpleCase,ServiceA,M.A,0,8,0,5,Sensor,0.008238022874510118,738.0002,738.0084380228744,730.0,738.0002
12,COMP_M,SimpleCase,ServiceA,M.A,3,9,3,6,Sensor,0.008238022874510118,738.0005,738.0087380228745,730.0,738.0005
11,COMP_M,SimpleCase,ServiceA,M.A,2,10,2,7,Sensor,0.008238022874510118,739.0005,739.0087380228745,730.0,739.0005
6,SINK_M,SimpleCase,Actuator,M.B,9,4,6,4,ServiceA,0.0,741.0109880228745,741.0109880228745,727.0087380228745,741.0109880228745
11,SINK_M,SimpleCase,Actuator,M.B,10,4,7,4,ServiceA,0.0,742.0094880228745,742.0094880228745,739.0087380228745,742.0094880228745
9,SINK_M,SimpleCase,Actuator,M.B,8,4,5,4,ServiceA,0.0,743.0091880228745,743.0091880228745,738.0084380228744,743.0091880228745
14,COMP_M,SimpleCase,ServiceA,M.A,1,9,1,6,Sensor,3.8280455022794513,747.00045,750.8284955022796,740.0,747.00045
13,COMP_M,SimpleCase,ServiceA,M.A,0,8,0,5,Sensor,3.8280455022794513,748.00018,751.8282255022796,740.0,748.00018
15,COMP_M,SimpleCase,ServiceA,M.A,2,10,2,7,Sensor,3.8280455022794513,749.00045,752.8284955022796,740.0,749.00045
8,SINK_M,SimpleCase,Actuator,M.B,9,4,6,4,ServiceA,0.0,749.0117380228744,749.0117380228744,728.0087380228745,749.0117380228744
16,COMP_M,SimpleCase,ServiceA,M.A,3,9,3,6,Sensor,3.8280455022794513,750.8284955022796,754.6565410045589,740.0,748.00045
19,COMP_M,SimpleCase,ServiceA,M.A,2,9,2,6,Sensor,3.8280455022794513,754.6565410045589,758.4845865068384,750.0,751.00045
15,SINK_M,SimpleCase,Actuator,M.B,10,4,7,4,ServiceA,0.0,755.8292455022795,755.8292455022795,752.8284955022796,755.8292455022795
13,SINK_M,SimpleCase,Actuator,M.B,8,4,5,4,ServiceA,0.0,756.8289755022795,756.8289755022795,751.8282255022796,756.8289755022795
10,SINK_M,SimpleCase,Actuator,M.B,9,4,6,4,ServiceA,0.0,757.0124880228744,757.0124880228744,737.0087380228745,757.0124880228744
17,COMP_M,SimpleCase,ServiceA,M.A,0,8,0,5,Sensor,3.8280455022794513,758.00018,761.8282255022796,750.0,758.00018
18,COMP_M,SimpleCase,ServiceA,M.A,1,10,1,7,Sensor,3.8280455022794513,758.00045,761.8284955022796,750.0,758.00045
23,COMP_M,SimpleCase,ServiceA,M.A,2,9,2,6,Sensor,3.8280455022794513,761.0001285714287,764.828174073708,760.0,761.0001285714287
18,SINK_M,SimpleCase,Actuator,M.B,10,4,7,4,ServiceA,0.0,764.8292455022795,764.8292455022795,761.8284955022796,764.8292455022795
12,SINK_M,SimpleCase,Actuator,M.B,9,4,6,4,ServiceA,0.0,765.0132380228745,765.0132380228745,738.0087380228745,765.0132380228745
17,SINK_M,SimpleCase,Actuator,M.B,8,4,5,4,ServiceA,0.0,766.8289755022795,766.8289755022795,761.8282255022796,766.8289755022795
24,COMP_M,SimpleCase,ServiceA,M.A,3,9,3,6,Sensor,3.8280455022794513,768.0001285714287,771.828174073708,760.0,768.0001285714287
21,COMP_M,SimpleCase,ServiceA,M.A,0,8,0,5,Sensor,3.8280455022794513,768.00018,771.8282255022796,760.0,768.00018
22,COMP_M,SimpleCase,ServiceA,M.A,1,10,1,7,Sensor,3.8280455022794513,768.00018,771.8282255022796,760.0,768.00018
27,COMP_M,SimpleCase,ServiceA,M.A,2,9,2,6,Sensor,4.7852284971606815,771.828174073708,776.6134025708686,770.0,771.000157142857
14,SINK_M,SimpleCase,Actuator,M.B,9,4,6,4,ServiceA,0.0,773.0139880228744,773.0139880228744,750.8284955022796,773.0139880228744
22,SINK_M,SimpleCase,Actuator,M.B,10,4,7,4,ServiceA,0.0,774.8289755022795,774.8289755022795,771.8282255022796,774.8289755022795
21,SINK_M,SimpleCase,Actuator,M.B,8,4,5,4,ServiceA,0.0,776.8289755022795,776.8289755022795,771.8282255022796,776.8289755022795
28,COMP_M,SimpleCase,ServiceA,M.A,3,9,3,6,Sensor,4.7852284971606815,778.000157142857,782.7853856400177,770.0,778.000157142857
25,COMP_M,SimpleCase,ServiceA,M.A,0,8,0,5,Sensor,4.7852284971606815,778.00022,782.7854484971608,770.0,778.00022
26,COMP_M,SimpleCase,ServiceA,M.A,1,10,1,7,Sensor,4.7852284971606815,778.00022,782.7854484971608,770.0,778.00022
16,SINK_M,SimpleCase,Actuator,M.B,9,4,6,4,ServiceA,0.0,781.0147380228746,781.0147380228746,754.6565410045589,781.0147380228746
31,COMP_M,SimpleCase,ServiceA,M.A,2,9,2,6,Sensor,4.7852284971606815,782.7853856400177,787.5706141371785,780.0,781.000157142857
26,SINK_M,SimpleCase,Actuator,M.B,10,4,7,4,ServiceA,0.0,785.7861984971609,785.7861984971609,782.7854484971608,785.7861984971609
25,SINK_M,SimpleCase,Actuator,M.B,8,4,5,4,ServiceA,0.0,787.7861984971609,787.7861984971609,782.7854484971608,787.7861984971609
32,COMP_M,SimpleCase,ServiceA,M.A,3,9,3,6,Sensor,4.7852284971606815,788.000157142857,792.7853856400177,780.0,788.000157142857
29,COMP_M,SimpleCase,ServiceA,M.A,0,8,0,5,Sensor,4.7852284971606815,788.00022,792.7854484971608,780.0,788.00022
30,COMP_M,SimpleCase,ServiceA,M.A,1,10,1,7,Sensor,4.7852284971606815,788.00022,792.7854484971608,780.0,788.00022
19,SINK_M,SimpleCase,Actuator,M.B,9,4,6,4,ServiceA,0.0,789.0154880228745,789.0154880228745,758.4845865068384,789.0154880228745
35,COMP_M,SimpleCase,ServiceA,M.A,2,9,2,6,Sensor,4.7852284971606815,792.7853856400177,797.5706141371785,790.0,791.00022
30,SINK_M,SimpleCase,Actuator,M.B,10,4,7,4,ServiceA,0.0,795.7861984971609,795.7861984971609,792.7854484971608,795.7861984971609
20,SINK_M,SimpleCase,Actuator,M.B,9,4,6,4,ServiceA,0.0,797.0162380228744,797.0162380228744,758.4845865068384,797.0162380228744
29,SINK_M,SimpleCase,Actuator,M.B,8,4,5,4,ServiceA,0.0,797.7861984971609,797.7861984971609,792.7854484971608,797.7861984971609
33,COMP_M,SimpleCase,ServiceA,M.A,0,8,0,5,Sensor,4.7852284971606815,798.000157142857,802.7853856400177,790.0,798.000157142857
36,COMP_M,SimpleCase,ServiceA,M.A,3,9,3,6,Sensor,4.7852284971606815,798.00022,802.7854484971608,790.0,798.00022
34,COMP_M,SimpleCase,ServiceA,M.A,1,10,1,7,Sensor,4.7852284971606815,798.00055,802.7857784971608,790.0,798.00055
2,COMP_M,SimpleCase,ServiceA,M.A,1,9,1,6,Sensor,0.008238022874510118,817.0005,817.0087380228745,810.0,817.0005
1,COMP_M,SimpleCase,ServiceA,M.A,0,8,0,5,Sensor,0.008238022874510118,818.0005,818.0087380228745,810.0,818.0005
4,COMP_M,SimpleCase,ServiceA,M.A,3,9,3,6,Sensor,0.008238022874510118,818.0005,818.0087380228745,810.0,818.0005
3,COMP_M,SimpleCase,ServiceA,M.A,2,10,2,7,Sensor,0.008238022874510118,819.0005,819.0087380228745,810.0,819.0005
3,SINK_M,SimpleCase,Actuator,M.B,10,4,7,4,ServiceA,0.0,822.0094880228745,822.0094880228745,819.0087380228745,822.0094880228745
1,SINK_M,SimpleCase,Actuator,M.B,8,4,5,4,ServiceA,0.0,823.0094880228745,823.0094880228745,818.0087380228745,823.0094880228745
2,SINK_M,SimpleCase,Actuator,M.B,9,4,6,4,ServiceA,0.0,825.0094880228745,825.0094880228745,817.0087380228745,825.0094880228745
6,COMP_M,SimpleCase,ServiceA,M.A,1,9,1,6,Sensor,0.008238022874510118,827.0005,827.0087380228745,820.0,827.0005
5,COMP_M,SimpleCase,ServiceA,M.A,0,8,0,5,Sensor,0.008238022874510118,828.0005,828.0087380228745,820.0,828.0005
8,COMP_M,SimpleCase,ServiceA,M.A,3,9,3,6,Sensor,0.008238022874510118,828.0005,828.0087380228745,820.0,828.0005
7,COMP_M,SimpleCase,ServiceA,M.A,2,10,2,7,Sensor,0.008238022874510118,829.0005,829.0087380228745,820.0,829.0005
7,SINK_M,SimpleCase,Actuator,M.B,10,4,7,4,ServiceA,0.0,832.0094880228745,832.0094880228745,829.0087380228745,832.0094880228745
5,SINK_M,SimpleCase,Actuator,M.B,8,4,5,4,ServiceA,0.0,833.0094880228745,833.0094880228745,828.0087380228745,833.0094880228745
4,SINK_M,SimpleCase,Actuator,M.B,9,4,6,4,ServiceA,0.0,833.0102380228744,833.0102380228744,818.0087380228745,833.0102380228744
10,COMP_M,SimpleCase,ServiceA,M.A,1,9,1,6,Sensor,0.008238022874510118,837.0005,837.0087380228745,830.0,837.0005
9,COMP_M,SimpleCase,ServiceA,M.A,0,8,0,5,Sensor,0.008238022874510118,838.0002,838.0084380228744,830.0,838.0002
12,COMP_M,SimpleCase,ServiceA,M.A,3,9,3,6,Sensor,0.008238022874510118,838.0005,838.0087380228745,830.0,838.0005
11,COMP_M,SimpleCase,ServiceA,M.A,2,10,2,7,Sensor,0.008238022874510118,839.0005,839.0087380228745,830.0,839.0005
6,SINK_M,SimpleCase,Actuator,M.B,9,4,6,4,ServiceA,0.0,841.0109880228745,841.0109880228745,827.0087380228745,841.0109880228745
11,SINK_M,SimpleCase,Actuator,M.B,10,4,7,4,ServiceA,0.0,842.0094880228745,842.0094880228745,839.0087380228745,842.0094880228745
9,SINK_M,SimpleCase,Actuator,M.B,8,4,5,4,ServiceA,0.0,843.0091880228745,843.0091880228745,838.0084380228744,843.0091880228745
14,COMP_M,SimpleCase,ServiceA,M.A,1,9,1,6,Sensor,3.8280455022794513,847.00045,850.8284955022796,840.0,847.00045
13,COMP_M,SimpleCase,ServiceA,M.A,0,8,0,5,Sensor,3.8280455022794513,848.0001800000001,851.8282255022796,840.0,848.0001800000001
15,COMP_M,SimpleCase,ServiceA,M.A,2,10,2,7,Sensor,3.8280455022794513,849.00045,852.8284955022796,840.0,849.00045
8,SINK_M,SimpleCase,Actuator,M.B,9,4,6,4,ServiceA,0.0,849.0117380228744,849.0117380228744,828.0087380228745,849.0117380228744
16,COMP_M,SimpleCase,ServiceA,M.A,3,9,3,6,Sensor,3.8280455022794513,850.8284955022796,854.6565410045589,840.0,848.00045
19,COMP_M,SimpleCase,ServiceA,M.A,2,9,2,6,Sensor,3.8280455022794513,854.6565410045589,858.4845865068384,850.0,851.00045
15,SINK_M,SimpleCase,Actuator,M.B,10,4,7,4,ServiceA,0.0,855.8292455022795,855.8292455022795,852.8284955022796,855.8292455022795
13,SINK_M,SimpleCase,Actuator,M.B,8,4,5,4,ServiceA,0.0,856.8289755022795,856.8289755022795,851.8282255022796,856.8289755022795
10,SINK_M,SimpleCase,Actuator,M.B,9,4,6,4,ServiceA,0.0,857.0124880228744,857.0124880228744,837.0087380228745,857.0124880228744
17,COMP_M,SimpleCase,ServiceA,M.A,0,8,0,5,Sensor,3.8280455022794513,858.0001800000001,861.8282255022796,850.0,858.0001800000001
18,COMP_M,SimpleCase,ServiceA,M.A,1,10,1,7,Sensor,3.8280455022794513,858.00045,861.8284955022796,850.0,858.00045
23,COMP_M,SimpleCase,ServiceA,M.A,2,9,2,6,Sensor,3.8280455022794513,861.0001285714287,864.828174073708,860.0,861.0001285714287
18,SINK_M,SimpleCase,Actuator,M.B,10,4,7,4,ServiceA,0.0,864.8292455022795,864.8292455022795,861.8284955022796,864.8292455022795
12,SINK_M,SimpleCase,Actuator,M.B,9,4,6,4,ServiceA,0.0,865.0132380228745,865.0132380228745,838.0087380228745,865.0132380228745
17,SINK_M,SimpleCase,Actuator,M.B,8,4,5,4,ServiceA,0.0,866.8289755022795,866.8289755022795,861.8282255022796,866.8289755022795
24,COMP_M,SimpleCase,ServiceA,M.A,3,9,3,6,Sensor,3.8280455022794513,868.0001285714287,871.828174073708,860.0,868.0001285714287
21,COMP_M,SimpleCase,ServiceA,M.A,0,8,0,5,Sensor,3.8280455022794513,868.0001800000001,871.8282255022796,860.0,868.0001800000001
22,COMP_M,SimpleCase,ServiceA,M.A,1,10,1,7,Sensor,3.8280455022794513,868.0001800000001,871.8282255022796,860.0,868.0001800000001
27,COMP_M,SimpleCase,ServiceA,M.A,2,9,2,6,Sensor,4.7852284971606815,871.828174073708,876.6134025708686,870.0,871.000157142857
14,SINK_M,SimpleCase,Actuator,M.B,9,4,6,4,ServiceA,0.0,873.0139880228744,873.0139880228744,850.8284955022796,873.0139880228744
22,SINK_M,SimpleCase,Actuator,M.B,10,4,7,4,ServiceA,0.0,874.8289755022795,874.8289755022795,871.8282255022796,874.8289755022795
21,SINK_M,SimpleCase,Actuator,M.B,8,4,5,4,ServiceA,0.0,876.8289755022795,876.8289755022795,871.8282255022796,876.8289755022795
28,COMP_M,SimpleCase,ServiceA,M.A,3,9,3,6,Sensor,4.7852284971606815,878.000157142857,882.7853856400177,870.0,878.000157142857
25,COMP_M,SimpleCase,ServiceA,M.A,0,8,0,5,Sensor,4.7852284971606815,878.0002199999999,882.7854484971608,870.0,878.0002199999999
26,COMP_M,SimpleCase,ServiceA,M.A,1,10,1,7,Sensor,4.7852284971606815,878.0002199999999,882.7854484971608,870.0,878.0002199999999
16,SINK_M,SimpleCase,Actuator,M.B,9,4,6,4,ServiceA,0.0,881.0147380228746,881.0147380228746,854.6565410045589,881.0147380228746
31,COMP_M,SimpleCase,ServiceA,M.A,2,9,2,6,Sensor,4.7852284971606815,882.7853856400177,887.5706141371785,880.0,881.000157142857
26,SINK_M,SimpleCase,Actuator,M.B,10,4,7,4,ServiceA,0.0,885.7861984971609,885.7861984971609,882.7854484971608,885.7861984971609
25,SINK_M,SimpleCase,Actuator,M.B,8,4,5,4,ServiceA,0.0,887.7861984971609,887.7861984971609,882.7854484971608,887.7861984971609
32,COMP_M,SimpleCase,ServiceA,M.A,3,9,3,6,Sensor,4.7852284971606815,888.000157142857,892.7853856400177,880.0,888.000157142857
29,COMP_M,SimpleCase,ServiceA,M.A,0,8,0,5,Sensor,4.7852284971606815,888.0002199999999,892.7854484971608,880.0,888.0002199999999
30,COMP_M,SimpleCase,ServiceA,M.A,1,10,1,7,Sensor,4.7852284971606815,888.0002199999999,892.7854484971608,880.0,888.0002199999999
19,SINK_M,SimpleCase,Actuator,M.B,9,4,6,4,ServiceA,0.0,889.0154880228745,889.0154880228745,858.4845865068384,889.0154880228745
35,COMP_M,SimpleCase,ServiceA,M.A,2,9,2,6,Sensor,4.7852284971606815,892.7853856400177,897.5706141371785,890.0,891.0002199999999
30,SINK_M,SimpleCase,Actuator,M.B,10,4,7,4,ServiceA,0.0,895.7861984971609,895.7861984971609,892.7854484971608,895.7861984971609
20,SINK_M,SimpleCase,Actuator,M.B,9,4,6,4,ServiceA,0.0,897.0162380228744,897.0162380228744,858.4845865068384,897.0162380228744
29,SINK_M,SimpleCase,Actuator,M.B,8,4,5,4,ServiceA,0.0,897.7861984971609,897.7861984971609,892.7854484971608,897.7861984971609
33,COMP_M,SimpleCase,ServiceA,M.A,0,8,0,5,Sensor,4.7852284971606815,898.000157142857,902.7853856400177,890.0,898.000157142857
36,COMP_M,SimpleCase,ServiceA,M.A,3,9,3,6,Sensor,4.7852284971606815,898.0002199999999,902.7854484971608,890.0,898.0002199999999
34,COMP_M,SimpleCase,ServiceA,M.A,1,10,1,7,Sensor,4.7852284971606815,898.00055,902.7857784971608,890.0,898.00055
2,COMP_M,SimpleCase,ServiceA,M.A,1,9,1,6,Sensor,0.008238022874510118,917.0005,917.0087380228745,910.0,917.0005
1,COMP_M,SimpleCase,ServiceA,M.A,0,8,0,5,Sensor,0.008238022874510118,918.0005,918.0087380228745,910.0,918.0005
4,COMP_M,SimpleCase,ServiceA,M.A,3,9,3,6,Sensor,0.008238022874510118,918.0005,918.0087380228745,910.0,918.0005
3,COMP_M,SimpleCase,ServiceA,M.A,2,10,2,7,Sensor,0.008238022874510118,919.0005,919.0087380228745,910.0,919.0005
3,SINK_M,SimpleCase,Actuator,M.B,10,4,7,4,ServiceA,0.0,922.0094880228745,922.0094880228745,919.0087380228745,922.0094880228745
1,SINK_M,SimpleCase,Actuator,M.B,8,4,5,4,ServiceA,0.0,923.0094880228745,923.0094880228745,918.0087380228745,923.0094880228745
2,SINK_M,SimpleCase,Actuator,M.B,9,4,6,4,ServiceA,0.0,925.0094880228745,925.0094880228745,917.0087380228745,925.0094880228745
6,COMP_M,SimpleCase,ServiceA,M.A,1,9,1,6,Sensor,0.008238022874510118,927.0005,927.0087380228745,920.0,927.0005
5,COMP_M,SimpleCase,ServiceA,M.A,0,8,0,5,Sensor,0.008238022874510118,928.0005,928.0087380228745,920.0,928.0005
8,COMP_M,SimpleCase,ServiceA,M.A,3,9,3,6,Sensor,0.008238022874510118,928.0005,928.0087380228745,920.0,928.0005
7,COMP_M,SimpleCase,ServiceA,M.A,2,10,2,7,Sensor,0.008238022874510118,929.0005,929.0087380228745,920.0,929.0005
7,SINK_M,SimpleCase,Actuator,M.B,10,4,7,4,ServiceA,0.0,932.0094880228745,932.0094880228745,929.0087380228745,932.0094880228745
5,SINK_M,SimpleCase,Actuator,M.B,8,4,5,4,ServiceA,0.0,933.0094880228745,933.0094880228745,928.0087380228745,933.0094880228745
4,SINK_M,SimpleCase,Actuator,M.B,9,4,6,4,ServiceA,0.0,933.0102380228744,933.0102380228744,918.0087380228745,933.0102380228744
10,COMP_M,SimpleCase,ServiceA,M.A,1,9,1,6,Sensor,0.008238022874510118,937.0005,937.0087380228745,930.0,937.0005
9,COMP_M,SimpleCase,ServiceA,M.A,0,8,0,5,Sensor,0.008238022874510118,938.0002,938.0084380228744,930.0,938.0002
12,COMP_M,SimpleCase,ServiceA,M.A,3,9,3,6,Sensor,0.008238022874510118,938.0005,938.0087380228745,930.0,938.0005
11,COMP_M,SimpleCase,ServiceA,M.A,2,10,2,7,Sensor,0.008238022874510118,939.0005,939.0087380228745,930.0,939.0005
6,SINK_M,SimpleCase,Actuator,M.B,9,4,6,4,ServiceA,0.0,941.0109880228745,941.0109880228745,927.0087380228745,941.0109880228745
11,SINK_M,SimpleCase,Actuator,M.B,10,4,7,4,ServiceA,0.0,942.0094880228745,942.0094880228745,939.0087380228745,942.0094880228745
9,SINK_M,SimpleCase,Actuator,M.B,8,4,5,4,ServiceA,0.0,943.0091880228745,943.0091880228745,938.0084380228744,943.0091880228745
14,COMP_M,SimpleCase,ServiceA,M.A,1,9,1,6,Sensor,3.8280455022794513,947.00045,950.8284955022797,940.0,947.00045
13,COMP_M,SimpleCase,ServiceA,M.A,0,8,0,5,Sensor,3.8280455022794513,948.0001800000001,951.8282255022797,940.0,948.0001800000001
15,COMP_M,SimpleCase,ServiceA,M.A,2,10,2,7,Sensor,3.8280455022794513,949.00045,952.8284955022797,940.0,949.00045
8,SINK_M,SimpleCase,Actuator,M.B,9,4,6,4,ServiceA,0.0,949.0117380228744,949.0117380228744,928.0087380228745,949.0117380228744
16,COMP_M,SimpleCase,ServiceA,M.A,3,9,3,6,Sensor,3.8280455022794513,950.8284955022797,954.6565410045587,940.0,948.00045
19,COMP_M,SimpleCase,ServiceA,M.A,2,9,2,6,Sensor,3.8280455022794513,954.6565410045587,958.4845865068384,950.0,951.00045
15,SINK_M,SimpleCase,Actuator,M.B,10,4,7,4,ServiceA,0.0,955.8292455022797,955.8292455022797,952.8284955022797,955.8292455022797
13,SINK_M,SimpleCase,Actuator,M.B,8,4,5,4,ServiceA,0.0,956.8289755022797,956.8289755022797,951.8282255022797,956.8289755022797
10,SINK_M,SimpleCase,Actuator,M.B,9,4,6,4,ServiceA,0.0,957.0124880228744,957.0124880228744,937.0087380228745,957.0124880228744
17,COMP_M,SimpleCase,ServiceA,M.A,0,8,0,5,Sensor,3.8280455022794513,958.0001800000001,961.8282255022797,950.0,958.0001800000001
18,COMP_M,SimpleCase,ServiceA,M.A,1,10,1,7,Sensor,3.8280455022794513,958.00045,961.8284955022797,950.0,958.00045
23,COMP_M,SimpleCase,ServiceA,M.A,2,9,2,6,Sensor,3.8280455022794513,961.0001285714287,964.828174073708,960.0,961.0001285714287
18,SINK_M,SimpleCase,Actuator,M.B,10,4,7,4,ServiceA,0.0,964.8292455022797,964.8292455022797,961.8284955022797,964.8292455022797
12,SINK_M,SimpleCase,Actuator,M.B,9,4,6,4,ServiceA,0.0,965.0132380228745,965.0132380228745,938.0087380228745,965.0132380228745
17,SINK_M,SimpleCase,Actuator,M.B,8,4,5,4,ServiceA,0.0,966.8289755022797,966.8289755022797,961.8282255022797,966.8289755022797
24,COMP_M,SimpleCase,ServiceA,M.A,3,9,3,6,Sensor,3.8280455022794513,968.0001285714287,971.828174073708,960.0,968.0001285714287
21,COMP_M,SimpleCase,ServiceA,M.A,0,8,0,5,Sensor,3.8280455022794513,968.0001800000001,971.8282255022797,960.0,968.0001800000001
22,COMP_M,SimpleCase,ServiceA,M.A,1,10,1,7,Sensor,3.8280455022794513,968.0001800000001,971.8282255022797,960.0,968.0001800000001
27,COMP_M,SimpleCase,ServiceA,M.A,2,9,2,6,Sensor,4.7852284971606815,971.828174073708,976.6134025708686,970.0,971.0001571428572
14,SINK_M,SimpleCase,Actuator,M.B,9,4,6,4,ServiceA,0.0,973.0139880228744,973.0139880228744,950.8284955022797,973.0139880228744
22,SINK_M,SimpleCase,Actuator,M.B,10,4,7,4,ServiceA,0.0,974.8289755022797,974.8289755022797,971.8282255022797,974.8289755022797
21,SINK_M,SimpleCase,Actuator,M.B,8,4,5,4,ServiceA,0.0,976.8289755022797,976.8289755022797,971.8282255022797,976.8289755022797
28,COMP_M,SimpleCase,ServiceA,M.A,3,9,3,6,Sensor,4.7852284971606815,978.0001571428572,982.7853856400177,970.0,978.0001571428572
25,COMP_M,SimpleCase,ServiceA,M.A,0,8,0,5,Sensor,4.7852284971606815,978.0002199999999,982.7854484971608,970.0,978.0002199999999
26,COMP_M,SimpleCase,ServiceA,M.A,1,10,1,7,Sensor,4.7852284971606815,978.0002199999999,982.7854484971608,970.0,978.0002199999999
16,SINK_M,SimpleCase,Actuator,M.B,9,4,6,4,ServiceA,0.0,981.0147380228746,981.0147380228746,954.6565410045587,981.0147380228746
31,COMP_M,SimpleCase,ServiceA,M.A,2,9,2,6,Sensor,4.7852284971606815,982.7853856400177,987.5706141371784,980.0,981.0001571428572
26,SINK_M,SimpleCase,Actuator,M.B,10,4,7,4,ServiceA,0.0,985.7861984971609,985.7861984971609,982.7854484971608,985.7861984971609
25,SINK_M,SimpleCase,Actuator,M.B,8,4,5,4,ServiceA,0.0,987.7861984971609,987.7861984971609,982.7854484971608,987.7861984971609
32,COMP_M,SimpleCase,ServiceA,M.A,3,9,3,6,Sensor,4.7852284971606815,988.0001571428572,992.7853856400177,980.0,988.0001571428572
29,COMP_M,SimpleCase,ServiceA,M.A,0,8,0,5,Sensor,4.7852284971606815,988.0002199999999,992.7854484971608,980.0,988.0002199999999
30,COMP_M,SimpleCase,ServiceA,M.A,1,10,1,7,Sensor,4.7852284971606815,988.0002199999999,992.7854484971608,980.0,988.0002199999999
19,SINK_M,SimpleCase,Actuator,M.B,9,4,6,4,ServiceA,0.0,989.0154880228745,989.0154880228745,958.4845865068384,989.0154880228745
35,COMP_M,SimpleCase,ServiceA,M.A,2,9,2,6,Sensor,4.7852284971606815,992.7853856400177,997.5706141371784,990.0,991.0002199999999
30,SINK_M,SimpleCase,Actuator,M.B,10,4,7,4,ServiceA,0.0,995.7861984971609,995.7861984971609,992.7854484971608,995.7861984971609
20,SINK_M,SimpleCase,Actuator,M.B,9,4,6,4,ServiceA,0.0,997.0162380228744,997.0162380228744,958.4845865068384,997.0162380228744
29,SINK_M,SimpleCase,Actuator,M.B,8,4,5,4,ServiceA,0.0,997.7861984971609,997.7861984971609,992.7854484971608,997.7861984971609
33,COMP_M,SimpleCase,ServiceA,M.A,0,8,0,5,Sensor,4.7852284971606815,998.0001571428572,1002.7853856400177,990.0,998.0001571428572
36,COMP_M,SimpleCase,ServiceA,M.A,3,9,3,6,Sensor,4.7852284971606815,998.0002199999999,1002.7854484971608,990.0,998.0002199999999
34,COMP_M,SimpleCase,ServiceA,M.A,1,10,1,7,Sensor,4.7852284971606815,998.00055,1002.7857784971608,990.0,998.00055
